股票代码,股票名称,2020年分红,2020年收盘价,2020年股息率(%),2021年分红,2021年收盘价,2021年股息率(%),2022年分红,2022年收盘价,2022年股息率(%),2023年分红,2023年收盘价,2023年股息率(%),2024年分红,2024年收盘价,2024年股息率(%),2025年分红,2025年收盘价,2025年股息率(%),2020-2025年累计分红,2020-2025年平均股息率(%)
sh.600000,浦发银行,0.6,9.68,6.2,0.48,8.53,5.63,0.41,7.28,5.63,0.32,6.62,4.83,0.321,10.29,3.12,0.41,11.39,3.6,2.541,4.83
sh.600007,中国国贸,0.38,12.45,3.05,0.4,14.4,2.78,0.6,15.83,3.79,0.7,19.38,3.61,0.8,24.46,3.27,1.1,19.7,5.58,3.98,3.68
sh.600008,首创环保,0.08,2.83,2.83,0.07,3.41,2.05,0.1,2.83,3.53,0.13,2.69,4.83,0.1,3.28,3.05,0.17,3.03,5.61,0.65,3.65
sh.600011,华能国际,0.135,4.48,3.01,0.18,9.69,1.86,0.0,7.61,0.0,0.0,7.7,0.0,0.2,6.77,2.95,0.27,7.8,3.46,0.785,2.82
sh.600012,皖通高速,0.23,6.18,3.72,0.23,7.08,3.25,0.55,7.31,7.52,0.55,11.02,4.99,0.601,17.65,3.41,0.604,14.8,4.08,2.765,4.5
sh.600015,华夏银行,0.249,6.25,3.98,0.301,5.6,5.38,0.338,5.19,6.51,0.383,5.62,6.81,0.484,8.01,6.04,0.305,6.94,4.39,2.06,5.52
sh.600016,民生银行,0.37,5.2,7.12,0.213,3.9,5.46,0.213,3.45,6.17,0.214,3.74,5.72,0.346,4.13,8.38,0.198,4.0,4.95,1.554,6.3
sh.600017,日照港,0.025,2.88,0.87,0.035,2.81,1.25,0.04,2.82,1.42,0.04,2.75,1.45,0.065,3.2,2.03,0.119,3.03,3.93,0.324,1.82
sh.600019,宝钢股份,0.28,5.95,4.71,0.65,7.16,9.08,0.43,5.59,7.69,0.21,5.93,3.54,0.31,7.0,4.43,0.22,7.18,3.06,2.1,5.42
sh.600020,中原高速,0.058,3.39,1.71,0.035,3.27,1.07,0.1,2.96,3.38,0.019,3.68,0.52,0.149,4.22,3.53,0.17,4.44,3.83,0.531,2.34
sh.600023,浙能电力,0.2,3.63,5.51,0.225,4.04,5.57,0.0,3.49,0.0,0.0,4.61,0.0,0.25,5.66,4.42,0.34,5.12,6.64,1.015,5.54
sh.600027,华电国际,0.146,3.4,4.29,0.25,5.35,4.67,0.25,5.88,4.25,0.2,5.14,3.89,0.23,5.61,4.1,0.22,5.2,4.23,1.296,4.24
sh.600028,中国石化,0.26,4.03,6.45,0.29,4.23,6.86,0.47,4.36,10.78,0.34,5.58,6.09,0.346,6.68,5.18,0.228,5.96,3.83,1.934,6.53
sh.600031,三一重工,0.42,34.98,1.2,0.6,22.8,2.63,0.45,15.8,2.85,0.16,13.77,1.16,0.22,16.48,1.33,0.67,21.23,3.16,2.52,2.06
sh.600035,楚天高速,0.16,2.91,5.5,0.07,3.15,2.22,0.14,3.39,4.13,0.14,3.82,3.66,0.19,4.6,4.13,0.17,4.02,4.23,0.87,3.98
sh.600036,招商银行,1.2,43.95,2.73,1.253,48.71,2.57,1.522,37.26,4.08,1.738,27.82,6.25,1.972,39.3,5.02,2.0,43.18,4.63,9.685,4.21
sh.600039,四川路桥,0.07,4.51,1.55,0.25,12.04,2.08,0.47,11.12,4.23,0.91,7.49,12.15,0.554,7.28,7.61,0.409,9.32,4.39,2.663,5.33
sh.600050,中国联通,0.0604,4.46,1.35,0.1157,3.93,2.94,0.1054,4.48,2.35,0.1223,4.38,2.79,0.1483,5.31,2.79,0.1733,5.33,3.25,0.7254,2.58
sh.600057,厦门象屿,0.25,6.02,4.15,0.3,8.49,3.53,0.51,10.27,4.97,0.61,6.71,9.09,0.3,6.49,4.62,0.35,9.11,3.84,2.32,5.03
sh.600060,海信视像,0.127,11.48,1.11,0.275,13.45,2.04,0.087,13.54,0.64,0.644,20.9,3.08,0.8053,19.94,4.04,0.88,25.46,3.46,2.8183,2.4
sh.600064,南京高科,0.45,10.27,4.38,0.5,9.34,5.35,0.6,6.61,9.08,0.42,6.04,6.95,0.28,7.77,3.6,0.3,8.51,3.53,2.55,5.48
sh.600066,宇通客车,1.0,16.92,5.91,1.0,11.02,9.07,0.5,7.51,6.66,1.0,13.25,7.55,2.0,26.38,7.58,1.5,32.27,4.65,7.0,6.9
sh.600067,冠城新材,0.0,3.65,0.0,0.07,3.95,1.77,0.0,3.1,0.0,0.0,2.51,0.0,0.0,2.65,0.0,0.22,4.78,4.6,0.29,3.18
sh.600096,云天化,0.0,6.07,0.0,0.0,19.62,0.0,0.0,21.04,0.0,1.0,15.6,6.41,1.0,22.3,4.48,1.6,31.29,5.11,3.6,5.33
sh.600098,广州发展,0.05,6.52,0.77,0.17,8.08,2.1,0.1,5.55,1.8,0.2,5.37,3.72,0.25,6.42,3.89,0.37,6.8,5.44,1.14,2.95
sh.600141,兴发集团,0.1,11.03,0.91,0.25,37.88,0.66,0.5,29.0,1.72,1.0,18.25,5.48,0.6,21.7,2.76,1.0,32.99,3.03,3.45,2.43
sh.600153,建发股份,0.5,8.21,6.09,0.5,9.07,5.51,0.6,13.65,4.4,0.8,9.63,8.31,1.0,10.52,9.51,0.4,9.8,4.08,3.8,6.32
sh.600177,雅戈尔,0.2,7.19,2.78,0.5,6.89,7.26,0.5,6.33,7.9,0.5,6.55,7.63,0.7,8.9,7.87,0.46,7.46,6.17,2.86,6.6
sh.600182,S佳通,0.079,15.29,0.52,0.055,13.46,0.41,0.035,14.0,0.25,0.035,14.82,0.24,0.59,17.23,3.42,0.59,15.92,3.71,1.384,1.43
sh.600188,兖矿能源,0.58,10.07,5.76,0.6,23.53,2.55,1.6,33.58,4.76,3.07,19.81,15.5,1.72,14.17,12.14,0.72,13.52,5.33,8.29,7.67
sh.600197,伊力特,0.438,28.26,1.55,0.405,27.12,1.49,0.41,24.54,1.67,0.41,21.75,1.89,0.39,17.25,2.26,0.45,14.14,3.18,2.503,2.01
sh.600210,紫江企业,0.2,4.35,4.6,0.25,9.18,2.72,0.25,5.0,5.0,0.25,4.7,5.32,0.25,6.61,3.78,0.3,7.36,4.08,1.5,4.25
sh.600211,西藏药业,1.06,67.28,1.58,0.51,52.36,0.97,0.338,35.92,0.94,1.948,48.8,3.99,1.966,36.94,5.32,1.609,41.97,3.83,7.431,2.77
sh.600256,广汇能源,0.0,2.83,0.0,0.0,6.54,0.0,0.4,9.02,4.43,0.8,7.14,11.2,0.7,6.73,10.4,0.622,4.98,12.49,2.522,9.63
sh.600261,阳光照明,0.17,3.68,4.62,0.3,4.38,6.85,0.2,3.19,6.27,0.13,3.27,3.98,0.13,3.27,3.98,0.14,3.46,4.05,1.07,4.96
sh.600269,赣粤高速,0.15,3.42,4.39,0.2,3.43,5.83,0.12,3.39,3.54,0.1,4.11,2.43,0.16,5.61,2.85,0.17,5.35,3.18,0.9,3.7
sh.600273,嘉化能源,0.365,9.24,3.95,0.45,11.57,3.89,0.55,8.37,6.57,0.7,8.59,8.15,0.4,7.97,5.02,0.4,8.27,4.84,2.865,5.4
sh.600282,南钢股份,0.3,3.12,9.62,0.25,3.7,6.76,0.3,3.15,9.52,0.25,3.7,6.76,0.35,4.69,7.46,0.2036,5.21,3.91,1.6536,7.34
sh.600285,羚锐制药,0.3,8.47,3.54,0.4,15.8,2.53,0.5,13.04,3.83,0.6,17.11,3.51,0.8,22.16,3.61,0.9,21.97,4.1,3.5,3.52
sh.600295,鄂尔多斯,0.4,10.42,3.84,0.8,23.59,3.39,2.0,15.19,13.17,1.0,9.7,10.31,0.8,9.76,8.2,0.6,10.97,5.47,5.6,7.4
sh.600300,维维股份,0.0,4.71,0.0,0.1,4.15,2.41,0.03,3.56,0.84,0.018,3.11,0.58,0.065,3.22,2.02,0.128,3.59,3.57,0.341,1.88
sh.600323,瀚蓝环境,0.22,24.81,0.89,0.22,20.98,1.05,0.22,18.46,1.19,0.22,17.33,1.27,0.48,23.62,2.03,1.05,29.37,3.58,2.41,1.67
sh.600332,白云山,0.589,29.25,2.01,0.538,34.2,1.57,0.687,29.79,2.31,0.732,28.6,2.56,1.149,28.42,4.04,0.8,25.82,3.1,4.495,2.6
sh.600348,华阳股份,0.28,5.61,4.99,0.25,11.85,2.11,0.5,14.25,3.51,0.877,9.76,8.99,0.718,7.09,10.13,0.309,7.76,3.98,2.934,5.62
sh.600350,山东高速,0.38,6.18,6.15,0.38,5.16,7.36,0.4,5.69,7.03,0.4,6.94,5.76,0.42,10.28,4.09,0.42,9.06,4.64,2.4,5.84
sh.600351,亚宝药业,0.02,4.98,0.4,0.05,9.08,0.55,0.08,5.88,1.36,0.05,6.9,0.72,0.15,6.09,2.46,0.3,6.82,4.4,0.65,1.65
sh.600352,浙江龙盛,0.25,13.62,1.84,0.25,12.63,1.98,0.25,9.9,2.53,0.25,8.4,2.98,0.45,10.29,4.37,0.45,10.51,4.28,1.9,3.0
sh.600368,五洲交通,0.08,3.66,2.19,0.151,4.07,3.71,0.188,3.76,5.0,0.052,3.95,1.32,0.107,4.77,2.24,0.131,4.0,3.28,0.709,2.96
sh.600373,中文传媒,0.5,10.09,4.96,0.55,12.36,4.45,0.68,9.57,7.11,0.75,13.18,5.69,0.78,12.55,6.22,0.4,10.15,3.94,3.66,5.39
sh.600377,宁沪高速,0.46,9.21,4.99,0.46,8.62,5.34,0.46,8.22,5.6,0.46,10.25,4.49,0.47,15.31,3.07,0.49,12.35,3.97,2.8,4.58
sh.600428,中远海特,0.0,4.55,0.0,0.02,5.04,0.4,0.05,5.96,0.84,0.16,5.36,2.99,0.248,7.3,3.4,0.279,7.11,3.92,0.757,2.31
sh.600461,洪城环境,0.26,6.76,3.85,0.421,8.15,5.17,0.5,6.95,7.19,0.434,9.14,4.75,0.4407,9.95,4.43,0.464,9.97,4.65,2.5197,5.01
sh.600479,千金药业,0.5,8.64,5.79,1.0,12.55,7.97,0.6,9.6,6.25,0.35,10.77,3.25,0.35,10.68,3.28,0.36,10.65,3.38,3.16,4.99
sh.600480,凌云股份,0.0,8.68,0.0,0.262,9.91,2.64,0.1,8.51,1.18,0.1099,9.11,1.21,0.35,10.81,3.24,0.4,12.08,3.31,1.2219,2.32
sh.600483,福能股份,0.25,7.93,3.15,0.27,16.28,1.66,0.21,10.58,1.98,0.4,8.27,4.84,0.31,9.97,3.11,0.383,10.02,3.82,1.823,3.09
sh.600502,安徽建工,0.15,3.78,3.97,0.2,4.15,4.82,0.25,4.8,5.21,0.25,4.65,5.38,0.26,4.78,5.44,0.27,4.83,5.59,1.38,5.07
sh.600546,山煤国际,0.06,8.51,0.71,0.066,8.21,0.8,2.017,14.49,13.92,1.8,17.51,10.28,0.65,11.83,5.49,0.69,10.35,6.67,5.283,6.31
sh.600551,时代出版,0.0,7.36,0.0,0.292,7.97,3.66,0.164,10.18,1.61,0.25,10.89,2.3,0.6,8.61,6.97,0.4,8.41,4.76,1.706,3.86
sh.600559,老白干酒,0.15,31.48,0.48,0.15,27.94,0.54,0.15,27.53,0.54,0.3,22.55,1.33,0.45,20.99,2.14,0.55,16.24,3.39,1.75,1.4
sh.600566,济川药业,1.23,20.23,6.08,0.9,28.34,3.18,0.68,27.22,2.5,0.88,31.43,2.8,1.3,29.08,4.47,2.09,27.22,7.68,7.08,4.45
sh.600572,康恩贝,0.0,4.71,0.0,0.0,5.0,0.0,0.16,4.73,3.38,0.15,5.05,2.97,0.2,4.66,4.29,0.15,4.65,3.23,0.66,3.47
sh.600582,天地科技,0.1,3.08,3.25,0.15,4.38,3.42,0.18,5.2,3.46,0.2,5.44,3.68,0.28,6.18,4.53,0.317,5.93,5.35,1.227,3.95
sh.600583,海油工程,0.06,4.49,1.34,0.07,4.61,1.52,0.08,6.06,1.32,0.1,5.94,1.68,0.147,5.47,2.69,0.201,5.54,3.63,0.658,2.03
sh.600585,海螺水泥,2.0,51.62,3.87,2.12,40.3,5.26,2.38,27.38,8.69,1.48,22.56,6.56,0.96,23.78,4.04,0.95,22.67,4.19,9.89,5.43
sh.600587,新华医疗,0.1,14.22,0.7,0.1,32.2,0.31,0.15,21.42,0.7,0.15,25.79,0.58,0.5,16.65,3.0,0.5,15.05,3.32,1.5,1.43
sh.600598,北大荒,0.38,19.25,1.97,0.8,14.56,5.49,0.4,13.76,2.91,0.42,11.97,3.51,0.44,14.75,2.98,0.55,14.81,3.71,2.99,3.43
sh.600600,青岛啤酒,0.55,99.4,0.55,0.75,99.0,0.76,1.1,107.5,1.02,1.3,74.75,1.74,2.0,80.92,2.47,2.2,62.58,3.52,7.9,1.68
sh.600612,老凤祥,1.15,45.33,2.54,1.25,45.85,2.73,1.45,42.8,3.39,1.46,69.0,2.12,1.95,54.27,3.59,2.05,44.56,4.6,9.31,3.16
sh.600639,浦东金桥,0.31,12.4,2.5,0.3,12.77,2.35,0.5,11.1,4.5,0.5,10.11,4.95,0.57,11.1,5.14,0.3227,10.36,3.11,2.5027,3.76
sh.600642,申能股份,0.22,5.22,4.21,0.28,7.37,3.8,0.2,5.49,3.64,0.16,6.42,2.49,0.4,9.49,4.21,0.45,8.16,5.51,1.71,3.98
sh.600648,外高桥,0.24,13.97,1.72,0.2,13.23,1.51,0.8254,11.95,6.91,0.33,9.86,3.35,0.41,11.91,3.44,0.35,10.43,3.36,2.3554,3.38
sh.600655,豫园股份,0.29,8.89,3.26,0.33,10.3,3.2,0.35,7.61,4.6,0.35,6.21,5.64,0.19,6.43,2.95,0.19,5.3,3.58,1.7,3.87
sh.600660,福耀玻璃,0.75,48.05,1.56,0.75,47.14,1.59,1.0,35.07,2.85,1.25,37.39,3.34,1.3,62.4,2.08,2.7,63.45,4.26,7.75,2.61
sh.600662,外服控股,0.04,8.82,0.45,0.0,7.16,0.0,0.2,5.97,3.35,0.12,4.8,2.5,0.13,5.07,2.56,0.24,5.27,4.55,0.73,2.68
sh.600681,百川能源,0.425,5.07,8.38,0.69,5.53,12.48,0.4,4.27,9.37,0.3,3.93,7.63,0.22,3.5,6.29,0.235,4.26,5.52,2.27,8.28
sh.600690,海尔智家,0.375,29.21,1.28,0.366,29.89,1.22,0.4614,24.46,1.89,0.5669,21.0,2.7,0.8013,28.47,2.81,1.2342,27.17,4.54,3.8048,2.41
sh.600694,大商股份,0.77,20.3,3.79,0.6,19.51,3.08,2.0,18.1,11.05,0.5,16.89,2.96,1.0,26.37,3.79,1.0,17.29,5.78,5.87,5.08
sh.600704,物产中大,0.25,4.37,5.72,0.2,5.92,3.38,0.16,4.81,3.33,0.15,4.43,3.39,0.21,5.06,4.15,0.21,5.48,3.83,1.18,3.97
sh.600710,苏美达,0.102,5.6,1.82,0.251,6.54,3.84,0.265,5.88,4.51,0.3,7.09,4.23,0.33,9.3,3.55,0.369,10.64,3.47,1.617,3.57
sh.600713,南京医药,0.1,4.45,2.25,0.11,4.91,2.24,0.12,5.12,2.34,0.14,4.84,2.89,0.16,4.96,3.23,0.17,5.18,3.28,0.8,2.71
sh.600720,中交设计,0.58,13.58,4.27,0.68,10.4,6.54,0.45,9.93,4.53,0.0,10.08,0.0,0.257,8.86,2.9,0.229,7.46,3.07,2.196,4.26
sh.600729,重庆百货,0.73,28.9,2.53,3.69,26.02,14.18,3.79,23.65,16.03,0.68,28.2,2.41,1.3561,29.25,4.64,1.3622,26.62,5.12,11.6083,7.49
sh.600741,华域汽车,0.85,28.82,2.95,0.75,28.3,2.65,0.85,17.33,4.9,0.88,16.28,5.41,0.75,17.61,4.26,0.8,19.75,4.05,4.88,4.04
sh.600742,富维股份,0.2,10.04,1.99,0.3,11.96,2.51,0.3,8.36,3.59,0.25,9.55,2.62,0.35,8.85,3.95,0.53,9.94,5.33,1.93,3.33
sh.600750,江中药业,0.3,10.61,2.83,0.4902,14.45,3.39,1.15,14.45,7.96,1.25,20.88,5.99,1.2,22.7,5.29,1.2,23.11,5.19,5.5902,5.11
sh.600755,厦门国贸,0.23,6.68,3.44,0.46,7.21,6.38,0.5,7.14,7.0,0.65,6.97,9.33,0.5,6.64,7.53,0.33,7.19,4.59,2.67,6.38
sh.600757,长江传媒,0.2,5.29,3.78,0.35,5.35,6.54,0.37,5.7,6.49,0.32,7.45,4.3,0.4,9.57,4.18,0.41,9.12,4.5,2.05,4.97
sh.600761,安徽合力,0.35,14.2,2.46,0.7,12.51,5.6,0.35,13.15,2.66,0.4,18.21,2.2,0.6,17.65,3.4,0.7,20.14,3.48,3.1,3.3
sh.600790,轻纺城,0.18,3.37,5.34,0.2,3.29,6.08,0.15,4.65,3.23,0.17,3.97,4.28,0.1,3.75,2.67,0.12,3.84,3.12,0.92,4.12
sh.600795,国电电力,0.05,2.25,2.22,0.04,3.17,1.26,0.0,4.27,0.0,0.15,4.16,3.61,0.16,4.58,3.49,0.21,5.72,3.67,0.61,2.85
sh.600801,华新建材,1.21,20.63,5.87,1.08,19.3,5.6,1.0,14.82,6.75,0.51,12.43,4.1,0.53,12.1,4.38,0.8,22.77,3.51,5.13,5.04
sh.600803,新奥股份,0.21,13.59,1.55,0.19,18.36,1.03,0.3075,16.1,1.91,0.51,16.82,3.03,0.91,21.68,4.2,1.21,21.53,5.62,3.3375,2.89
sh.600817,宇通重工,0.0,14.7,0.0,0.0,13.61,0.0,0.35,8.9,3.93,0.38,9.6,3.96,0.48,11.48,4.18,0.38,10.96,3.47,1.59,3.89
sh.600820,隧道股份,0.21,5.41,3.88,0.22,5.38,4.09,0.23,5.27,4.36,0.37,5.76,6.42,0.33,7.19,4.59,0.3,6.38,4.7,1.66,4.67
sh.600821,金开新能,0.0,4.62,0.0,0.0,9.49,0.0,0.0,7.24,0.0,0.1,6.12,1.63,0.175,5.4,3.24,0.2,5.3,3.77,0.475,2.88
sh.600861,北京人力,0.02,17.86,0.11,0.0,23.01,0.0,0.0,21.97,0.0,0.0,18.74,0.0,0.484,19.35,2.5,0.699,18.28,3.82,1.203,2.14
sh.600863,内蒙华电,0.126,2.57,4.9,0.126,3.94,3.2,0.1,3.49,2.87,0.164,3.9,4.21,0.185,4.33,4.27,0.22,4.7,4.68,0.921,4.02
sh.600866,星湖科技,0.0,4.99,0.0,0.0,6.24,0.0,0.0,5.93,0.0,0.0,4.66,0.0,0.38,6.47,5.87,0.38,6.88,5.52,0.76,5.7
sh.600873,梅花生物,0.26,4.66,5.58,0.3,7.67,3.91,0.4,10.18,3.93,0.4,9.55,4.19,0.596,10.03,5.94,0.426,10.03,4.25,2.382,4.63
sh.600886,国投电力,0.2453,8.64,2.84,0.28,11.47,2.44,0.1635,10.83,1.51,0.275,13.18,2.09,0.4948,16.62,2.98,0.4565,13.7,3.33,1.9151,2.53
sh.600887,伊利股份,0.81,44.37,1.83,0.82,41.46,1.98,0.96,31.0,3.1,1.04,26.75,3.89,1.2,30.18,3.98,1.7,28.84,5.89,6.53,3.45
sh.600888,新疆众和,0.06,6.04,0.99,0.11,8.27,1.33,0.19,8.19,2.32,0.35,7.24,4.83,0.12,7.1,1.69,0.27,7.97,3.39,1.1,2.43
sh.600894,广日股份,0.15,8.08,1.86,0.4,7.54,5.31,0.23,6.45,3.57,0.18,7.35,2.45,1.29,14.6,8.84,0.7,9.14,7.66,2.95,4.95
sh.600901,江苏金租,0.48,5.51,8.71,0.3,5.09,5.89,0.35,5.48,6.39,0.35,4.84,7.23,0.32,5.22,6.13,0.4,6.17,6.48,2.2,6.8
sh.600908,无锡银行,0.18,6.08,2.96,0.18,5.67,3.17,0.18,5.27,3.42,0.2,5.05,3.96,0.2,5.91,3.38,0.33,6.08,5.43,1.27,3.72
sh.600916,中国黄金,0.0,0.0,0.0,0.16,13.73,1.17,0.24,12.64,1.9,0.3,9.87,3.04,0.45,8.62,5.22,0.35,8.05,4.35,1.5,3.14
sh.600926,杭州银行,0.35,14.92,2.35,0.35,12.82,2.73,0.35,13.08,2.68,0.4,10.01,4.0,0.89,14.61,6.09,0.66,15.67,4.21,3.0,3.68
sh.600938,中国海油,0.0,0.0,0.0,0.0,0.0,0.0,0.6084,15.2,4.0,1.2176,20.97,5.81,1.2769,29.51,4.33,1.2712,28.54,4.45,4.3741,4.65
sh.600941,中国移动,0.0,0.0,0.0,0.0,0.0,0.0,3.9881,67.67,5.89,4.2043,99.48,4.23,4.5638,118.16,3.86,4.7941,104.51,4.59,17.5503,4.64
sh.600968,海油发展,0.037,2.39,1.55,0.045,2.93,1.54,0.055,2.88,1.91,0.085,2.85,2.98,0.11,4.27,2.58,0.135,3.83,3.52,0.467,2.35
sh.600970,中材国际,0.301,6.88,4.38,0.23,11.43,2.01,0.23,8.52,2.7,0.3,9.34,3.21,0.4,9.48,4.22,0.45,9.57,4.7,1.911,3.54
sh.600971,恒源煤电,0.35,6.29,5.56,0.33,6.46,5.11,0.5,7.16,6.98,1.0,11.15,8.97,0.85,9.41,9.03,0.27,6.62,4.08,3.3,6.62
sh.600982,宁波能源,0.0486,3.75,1.3,0.135,4.69,2.88,0.17,4.28,3.97,0.135,4.09,3.3,0.15,4.12,3.64,0.15,4.51,3.33,0.7886,3.07
sh.600985,淮北矿业,0.6,11.19,5.36,0.65,11.18,5.81,0.7,12.8,5.47,1.05,16.63,6.31,1.0,14.07,7.11,0.75,11.6,6.47,4.75,6.09
sh.600987,航民股份,0.22,5.73,3.84,0.2,5.56,3.6,0.3,7.25,4.14,0.3,8.76,3.42,0.3,6.94,4.32,0.4,7.15,5.59,1.72,4.15
sh.600989,宝丰能源,0.2754,11.7,2.35,0.5856,17.36,3.37,0.3864,12.07,3.2,0.14,14.77,0.95,0.28,16.84,1.66,0.69,18.52,3.73,2.3574,2.54
sh.600997,开滦股份,0.22,5.74,3.83,0.28,7.12,3.93,0.46,6.78,6.78,0.58,7.63,7.6,0.3434,6.76,5.08,0.26,6.1,4.26,2.1434,5.25
sh.600998,九州通,0.0,18.16,0.0,0.5,14.72,3.4,0.3,13.04,2.3,0.5,7.01,7.13,0.25,5.12,4.88,0.2,5.14,3.89,1.75,4.32
sh.600999,招商证券,0.335,23.34,1.44,0.437,17.65,2.48,0.54,13.3,4.06,0.185,13.64,1.36,0.353,19.16,1.84,0.496,16.82,2.95,2.346,2.35
sh.601000,唐山港,0.09,2.48,3.63,0.35,2.75,12.73,0.2,2.74,7.3,0.2,3.5,5.71,0.2,4.71,4.25,0.2,3.85,5.19,1.24,6.47
sh.601001,晋控煤业,0.0,6.3,0.0,0.0,9.61,0.0,0.4,11.96,3.34,0.63,12.33,5.11,0.79,13.67,5.78,0.755,14.12,5.35,2.575,4.89
sh.601006,大秦铁路,0.48,6.46,7.43,0.48,6.4,7.5,0.48,6.68,7.19,0.48,7.21,6.66,0.5112,6.78,7.54,0.22,5.52,3.99,2.6512,6.72
sh.601009,南京银行,0.392,8.08,4.85,0.393,8.96,4.39,0.4616,10.42,4.43,0.5339,7.38,7.23,0.883,10.65,8.29,0.5055,11.4,4.43,3.169,5.6
sh.601010,文峰股份,0.09,2.95,3.05,0.145,3.47,4.18,0.129,2.89,4.46,0.0,2.44,0.0,0.087,2.75,3.16,0.105,3.12,3.37,0.556,3.64
sh.601016,节能风电,0.051,3.43,1.49,0.044,6.51,0.68,0.055,3.81,1.44,0.091,3.0,3.03,0.084,3.17,2.65,0.1092,2.99,3.65,0.4342,2.16
sh.601018,宁波港,0.099,3.92,2.53,0.164,3.97,4.13,0.09,3.58,2.51,0.087,3.56,2.44,0.091,3.85,2.36,0.138,3.7,3.73,0.669,2.95
sh.601019,山东出版,0.32,5.65,5.66,0.32,6.15,5.2,0.35,6.28,5.57,0.39,9.38,4.16,0.56,11.35,4.93,0.37,8.38,4.42,2.31,4.99
sh.601033,永兴股份,0.0,0.0,0.0,0.0,0.0,0.0,0.0,0.0,0.0,0.0,0.0,0.0,0.52,14.46,3.6,0.6,15.44,3.89,1.12,3.75
sh.601083,锦江航运,0.0,0.0,0.0,0.0,0.0,0.0,0.0,0.0,0.0,0.0,12.49,0.0,0.397,9.52,4.17,0.488,11.34,4.3,0.885,4.23
sh.601088,中国神华,1.26,18.01,7.0,1.81,22.52,8.04,2.54,27.62,9.2,2.55,31.35,8.13,2.26,43.48,5.2,3.24,40.9,7.92,13.66,7.58
sh.601098,中南传媒,0.62,9.53,6.51,0.63,9.57,6.58,0.65,9.98,6.51,0.6,10.17,5.9,0.65,15.01,4.33,0.55,11.2,4.91,3.7,5.79
sh.601101,昊华能源,0.07,4.71,1.49,0.03,7.4,0.41,0.55,6.18,8.9,0.34,6.32,5.38,0.35,8.23,4.25,0.458,7.33,6.25,1.798,4.45
sh.601107,四川成渝,0.11,3.18,3.46,0.08,5.38,1.49,0.11,3.8,2.89,0.1,4.39,2.28,0.24,5.23,4.59,0.29,5.97,4.86,0.93,3.26
sh.601128,常熟银行,0.2,7.38,2.71,0.2,6.61,3.03,0.2,7.55,2.65,0.25,6.39,3.91,0.25,7.57,3.3,0.4,7.13,5.61,1.5,3.54
sh.601158,重庆水务,0.257,5.12,5.02,0.255,6.41,3.98,0.257,5.13,5.01,0.27,5.67,4.76,0.169,4.9,3.45,0.157,4.63,3.39,1.365,4.27
sh.601163,三角轮胎,0.35,16.07,2.18,0.4,13.71,2.92,0.23,12.21,1.88,0.28,14.41,1.94,0.67,15.07,4.45,0.53,14.82,3.58,2.46,2.83
sh.601166,兴业银行,0.762,20.87,3.65,0.802,19.04,4.21,1.035,17.59,5.88,1.188,16.21,7.33,1.04,19.16,5.43,1.06,20.88,5.08,5.887,5.26
sh.601168,西部矿业,0.1,12.38,0.81,0.12,13.61,0.88,0.2,10.2,1.96,1.4,14.27,9.81,0.5,16.07,3.11,1.0,26.3,3.8,3.32,3.4
sh.601169,北京银行,0.305,4.84,6.3,0.3,4.44,6.76,0.305,4.31,7.08,0.31,4.53,6.84,0.44,6.15,7.15,0.2,5.63,3.55,1.86,6.28
sh.601186,中国铁建,0.21,7.9,2.66,0.23,7.8,2.95,0.246,7.73,3.18,0.28,7.61,3.68,0.35,9.17,3.82,0.6,7.76,7.73,1.916,4.0
sh.601187,厦门银行,0.0,13.2,0.0,0.18,6.9,2.61,0.25,5.73,4.36,0.29,5.07,5.72,0.46,5.64,8.16,0.3,7.46,4.02,1.48,4.97
sh.601216,君正集团,0.35,4.95,7.07,0.3,5.23,5.74,0.162,3.99,4.06,0.18,3.74,4.81,0.32,5.26,6.08,0.15,4.83,3.11,1.462,5.14
sh.601225,陕西煤业,0.36,9.34,3.85,0.8,12.2,6.56,1.35,18.58,7.27,2.18,20.89,10.44,1.527,23.26,6.56,1.175,22.29,5.27,7.392,6.66
sh.601229,上海银行,0.4,7.84,5.1,0.4,7.13,5.61,0.4,5.91,6.77,0.4,5.97,6.7,0.74,9.15,8.09,0.52,9.66,5.38,2.86,6.27
sh.601288,农业银行,0.1819,3.14,5.79,0.1851,2.94,6.3,0.2068,2.91,7.11,0.2222,3.64,6.1,0.4637,5.34,8.68,0.245,7.84,3.12,1.5047,6.18
sh.601311,骆驼股份,0.21,9.35,2.25,0.2,15.33,1.3,0.22,8.16,2.7,0.2,8.01,2.5,0.27,8.29,3.26,0.29,9.21,3.15,1.39,2.53
sh.601318,中国平安,2.1,86.98,2.41,2.28,50.41,4.52,2.42,47.0,5.15,2.43,40.3,6.03,2.43,52.65,4.62,5.14,63.4,8.11,16.8,5.14
sh.601330,绿色动力,0.1,8.63,1.16,0.2,10.44,1.92,0.1,6.77,1.48,0.12,6.64,1.81,0.25,6.56,3.81,0.3,7.0,4.29,1.07,2.41
sh.601336,新华保险,1.41,57.97,2.43,1.39,38.88,3.58,1.44,30.08,4.79,1.08,31.13,3.47,1.39,49.7,2.8,2.66,67.85,3.92,9.37,3.5
sh.601339,百隆东方,0.06,4.0,1.5,0.2,5.89,3.4,0.5,5.7,8.77,0.5,4.87,10.27,0.3,5.44,5.51,0.41,5.34,7.68,1.97,6.19
sh.601369,陕鼓动力,0.23,7.18,3.2,0.28,13.02,2.15,0.31,11.46,2.71,0.35,7.98,4.39,0.57,8.7,6.55,0.43,9.37,4.59,2.17,3.93
sh.601390,中国中铁,0.169,5.27,3.21,0.18,5.79,3.11,0.196,5.56,3.53,0.2,5.68,3.52,0.21,6.39,3.29,0.356,5.48,6.5,1.311,3.86
sh.601398,工商银行,0.2628,4.99,5.27,0.266,4.63,5.75,0.2933,4.34,6.76,0.3035,4.78,6.35,0.5932,6.92,8.57,0.306,7.99,3.83,2.0248,6.09
sh.601528,瑞丰银行,0.0,0.0,0.0,0.0,11.28,0.0,0.18,6.31,2.85,0.15,4.95,3.03,0.18,5.63,3.2,0.2,5.48,3.65,0.71,3.18
sh.601555,东吴证券,0.13,9.86,1.32,0.157,8.86,1.77,0.168,6.53,2.57,0.158,7.31,2.16,0.263,7.8,3.37,0.375,9.1,4.12,1.251,2.55
sh.601567,三星医疗,0.21,6.65,3.16,0.35,16.31,2.15,0.32,13.48,2.37,0.35,20.5,1.71,0.65,30.76,2.11,1.375,23.14,5.94,3.255,2.91
sh.601577,长沙银行,0.32,9.52,3.36,0.32,7.81,4.1,0.35,6.76,5.18,0.35,6.82,5.13,0.38,8.89,4.27,0.62,9.54,6.5,2.34,4.76
sh.601598,中国外运,0.12,4.4,2.73,0.12,4.48,2.68,0.28,3.84,7.29,0.245,5.24,4.68,0.29,5.35,5.42,0.29,6.34,4.57,1.345,4.56
sh.601601,中国太保,1.2,38.4,3.12,1.2,27.12,4.42,1.0,24.52,4.08,1.02,23.78,4.29,1.02,34.08,2.99,1.08,38.24,2.82,6.52,3.62
sh.601619,嘉泽新能,0.043,3.4,1.26,0.055,5.16,1.07,0.1,3.77,2.65,0.08,3.53,2.27,0.12,3.32,3.61,0.16,4.26,3.76,0.558,2.44
sh.601666,平煤股份,0.302,5.93,5.09,0.36,8.37,4.3,0.76,10.81,7.03,0.87,11.56,7.53,0.99,10.02,9.88,0.6,7.8,7.69,3.882,6.92
sh.601668,中国建筑,0.185,4.97,3.72,0.2147,5.0,4.29,0.25,5.43,4.6,0.2527,4.81,5.25,0.2715,6.0,4.52,0.2715,5.28,5.14,1.4454,4.59
sh.601699,潞安环能,0.239,6.5,3.68,0.194,11.31,1.72,0.673,16.85,3.99,2.85,21.91,13.01,1.589,14.36,11.07,0.41,12.86,3.19,5.955,6.11
sh.601717,中创智领,0.185,10.93,1.69,0.2099,11.59,1.81,0.435,11.16,3.9,0.56,12.65,4.43,0.84,12.98,6.47,1.12,24.32,4.61,3.3499,3.82
sh.601728,中国电信,0.0,0.0,0.0,0.0,4.33,0.0,0.29,4.19,6.92,0.2192,5.41,4.05,0.2571,7.22,3.56,0.2739,6.82,4.02,1.0402,4.64
sh.601766,中国中车,0.15,5.31,2.82,0.18,6.09,2.96,0.18,5.11,3.52,0.2,5.26,3.8,0.2,8.38,2.39,0.32,7.06,4.53,1.23,3.34
sh.601811,新华文轩,0.3,9.09,3.3,0.31,9.07,3.42,0.32,9.92,3.23,0.52,13.66,3.81,0.59,15.85,3.72,0.6,13.88,4.32,2.64,3.63
sh.601816,京沪高铁,0.1056,5.66,1.87,0.0329,4.83,0.68,0.0491,4.92,1.0,0.0114,4.92,0.23,0.1116,6.16,1.81,0.1567,5.2,3.01,0.4673,1.43
sh.601825,沪农商行,0.0,0.0,0.0,0.26,6.75,3.85,0.3,5.88,5.1,0.342,5.74,5.96,0.618,8.51,7.26,0.675,9.52,7.09,2.195,5.85
sh.601838,成都银行,0.42,10.67,3.94,0.46,12.0,3.83,0.63,15.3,4.12,0.7679,11.26,6.82,0.8968,17.11,5.24,0.891,16.82,5.3,4.0657,4.88
sh.601857,中国石油,0.1534,4.15,3.7,0.2178,4.91,4.44,0.2988,4.97,6.01,0.43,7.06,6.09,0.45,8.94,5.03,0.47,9.85,4.77,2.02,5.01
sh.601881,中国银河,0.16,12.51,1.28,0.22,11.19,1.97,0.31,9.29,3.34,0.2253,12.05,1.87,0.304,15.23,2.0,0.642,16.22,3.96,1.8613,2.4
sh.601886,江河集团,0.3,5.81,5.16,0.4,6.59,6.07,0.1,7.74,1.29,0.02,6.66,0.3,0.35,5.4,6.48,0.55,7.92,6.94,1.72,4.37
sh.601898,中煤能源,0.127,4.45,2.85,0.134,6.29,2.13,0.301,8.62,3.49,0.413,9.69,4.26,0.663,12.18,5.44,0.424,13.43,3.16,2.062,3.56
sh.601900,南方传媒,0.25,8.28,3.02,0.31,8.56,3.62,0.33,8.31,3.97,0.47,12.99,3.62,0.54,15.11,3.57,0.55,13.45,4.09,2.45,3.65
sh.601916,浙商银行,0.24,4.08,5.88,0.161,3.5,4.6,0.0,2.94,0.0,0.21,2.52,8.33,0.164,2.91,5.64,0.156,3.08,5.06,0.931,5.9
sh.601919,中远海控,0.0,12.21,0.0,0.0,18.69,0.0,2.88,10.29,27.99,1.9,9.58,19.83,1.27,15.5,8.19,1.59,14.85,10.71,7.64,16.68
sh.601921,浙版传媒,0.0,0.0,0.0,0.0,9.63,0.0,0.32,7.4,4.32,0.35,7.64,4.58,0.39,7.88,4.95,0.4,7.97,5.02,1.46,4.72
sh.601928,凤凰传媒,0.3,6.33,4.74,0.4,8.09,4.94,0.5,7.92,6.31,0.5,8.81,5.68,0.5,11.54,4.33,0.6,10.31,5.82,2.8,5.3
sh.601939,建设银行,0.32,6.28,5.1,0.326,5.86,5.56,0.364,5.63,6.47,0.389,6.51,5.98,0.597,8.79,6.79,0.3918,9.31,4.21,2.3878,5.68
sh.601988,中国银行,0.191,3.18,6.01,0.197,3.05,6.46,0.221,3.16,6.99,0.232,3.99,5.81,0.478,5.51,8.68,0.231,5.83,3.96,1.55,6.32
sh.601991,大唐发电,0.065,2.39,2.72,0.091,3.24,2.81,0.0,2.79,0.0,0.029,2.42,1.2,0.0075,2.85,0.26,0.1171,3.5,3.35,0.3096,2.07
sh.601997,贵阳银行,0.31,7.95,3.9,0.3,6.51,4.61,0.3,5.49,5.46,0.3,5.14,5.84,0.29,6.0,4.83,0.29,6.01,4.83,1.79,4.91
sh.601998,中信银行,0.239,5.11,4.68,0.254,4.62,5.5,0.302,4.98,6.06,0.329,5.29,6.22,0.5086,6.98,7.29,0.3602,7.64,4.71,1.9928,5.74
sh.603006,联明股份,0.12,12.24,0.98,0.64,10.87,5.89,0.38,8.8,4.32,0.38,12.92,2.94,0.28,10.43,2.68,0.76,13.29,5.72,2.56,3.75
sh.603008,喜临门,0.05,19.32,0.26,0.25,39.03,0.64,0.28,28.55,0.98,0.08,17.01,0.47,0.5,16.76,2.98,0.8,22.04,3.63,1.96,1.49
sh.603027,千禾味业,0.128,37.38,0.34,0.093,24.08,0.39,0.084,20.78,0.4,0.108,16.17,0.67,0.5,12.11,4.13,0.6,9.23,6.5,1.513,2.07
sh.603062,麦加芯彩,0.0,0.0,0.0,0.0,0.0,0.0,0.0,0.0,0.0,1.2,62.44,1.92,1.86,35.99,5.17,1.76,45.89,3.84,4.82,3.64
sh.603071,物产环能,0.0,0.0,0.0,0.0,25.26,0.0,0.6,16.18,3.71,0.8,15.2,5.26,0.7,12.92,5.42,0.6,13.33,4.5,2.7,4.72
sh.603075,热威股份,0.0,0.0,0.0,0.0,0.0,0.0,0.0,0.0,0.0,0.0,24.27,0.0,0.5,18.63,2.68,0.7,22.38,3.13,1.2,2.91
sh.603095,越剑智能,0.0,23.41,0.0,0.5,25.14,1.99,0.8,22.16,3.61,0.8,16.22,4.93,0.55,22.01,2.5,1.1,14.27,7.71,3.75,4.15
sh.603096,新经典,0.75,52.01,1.44,0.75,29.5,2.54,0.6,19.88,3.02,0.8,19.68,4.07,0.9,18.95,4.75,0.8,17.93,4.46,4.6,3.38
sh.603111,康尼机电,0.0,5.59,0.0,0.0,5.35,0.0,0.0,4.14,0.0,0.0,5.57,0.0,0.2,6.03,3.32,0.25,7.03,3.56,0.45,3.44
sh.603113,金能科技,0.0,16.35,0.0,0.348,16.3,2.13,0.35,9.07,3.86,0.12,8.07,1.49,0.094,5.63,1.67,0.355,6.85,5.18,1.267,2.87
sh.603115,海星股份,0.75,15.19,4.94,0.75,26.2,2.86,0.75,15.69,4.78,0.75,14.64,5.12,0.5,12.91,3.87,0.6,18.27,3.28,4.1,4.14
sh.603116,红蜻蜓,0.18,5.97,3.02,0.27,5.99,4.51,0.25,5.12,4.88,0.35,6.26,5.59,0.2,5.55,3.6,0.25,6.02,4.15,1.5,4.29
sh.603132,金徽股份,0.0,0.0,0.0,0.0,0.0,0.0,0.536,11.97,4.48,0.3,13.68,2.19,0.41,11.23,3.65,0.42,13.84,3.03,1.666,3.34
sh.603156,养元饮品,2.0,25.84,7.74,1.2,28.41,4.22,2.0,22.27,8.98,1.8,21.26,8.47,1.6,22.84,7.01,1.86,27.81,6.69,10.46,7.18
sh.603165,荣晟环保,0.43,12.16,3.54,0.7,19.27,3.63,0.35,10.9,3.21,0.46,11.98,3.84,0.49,12.24,4.0,1.1,12.75,8.63,3.53,4.48
sh.603167,渤海轮渡,0.4,8.8,4.55,0.11,7.94,1.39,0.15,7.36,2.04,0.15,8.88,1.69,0.8,8.84,9.05,0.8,9.89,8.09,2.41,4.47
sh.603187,海容冷链,0.6,60.0,1.0,0.6,47.45,1.26,0.3,31.72,0.95,0.35,15.16,2.31,0.55,11.19,4.92,0.5,14.73,3.39,2.9,2.31
sh.603195,公牛集团,3.8,205.29,1.85,2.0,167.3,1.2,2.4,143.26,1.68,3.3,95.65,3.45,3.1,70.24,4.41,2.4,42.8,5.61,17.0,3.03
sh.603198,迎驾贡酒,0.7,34.9,2.01,0.7,69.45,1.01,0.9,62.78,1.43,1.1,66.29,1.66,1.3,53.94,2.41,1.5,39.8,3.77,6.2,2.05
sh.603202,天有为,0.0,0.0,0.0,0.0,0.0,0.0,0.0,0.0,0.0,0.0,0.0,0.0,0.0,0.0,0.0,3.49,93.57,3.73,3.49,3.73
sh.603207,小方制药,0.0,0.0,0.0,0.0,0.0,0.0,0.0,0.0,0.0,0.0,0.0,0.0,0.0,28.09,0.0,2.2,29.1,7.56,2.2,7.56
sh.603230,内蒙新华,0.0,0.0,0.0,0.0,25.87,0.0,0.065,11.03,0.59,0.15,15.5,0.97,0.45,12.66,3.55,0.48,12.62,3.8,1.145,2.23
sh.603233,大参林,0.6,78.35,0.77,0.8,42.11,1.9,0.5,39.6,1.26,0.6,24.9,2.41,0.62,15.06,4.12,0.65,17.47,3.72,3.77,2.36
sh.603277,银都股份,0.22,12.31,1.79,1.0,18.5,5.41,0.8,16.43,4.87,0.7,26.82,2.61,1.5,23.17,6.47,0.85,17.3,4.91,5.07,4.34
sh.603279,景津装备,0.6,18.38,3.26,0.7,46.38,1.51,0.8,29.48,2.71,1.0,22.11,4.52,1.72,17.88,9.62,0.9,15.61,5.77,5.72,4.56
sh.603281,江瀚新材,0.0,0.0,0.0,0.0,0.0,0.0,0.0,0.0,0.0,1.2,26.29,4.56,1.0055,24.4,4.12,1.0,27.49,3.64,3.2055,4.11
sh.603288,海天味业,1.08,200.54,0.54,1.03,105.11,0.98,0.76,79.6,0.95,0.7,37.95,1.84,0.66,45.9,1.44,1.12,36.51,3.07,5.35,1.47
sh.603299,苏盐井神,0.102,7.08,1.44,0.058,9.56,0.61,0.15,9.97,1.5,0.36,8.52,4.23,0.425,11.14,3.82,0.443,10.31,4.3,1.538,2.65
sh.603303,得邦照明,0.228,10.62,2.15,0.251,17.16,1.46,0.343,19.55,1.75,0.333,12.85,2.59,0.333,11.77,2.83,1.381,13.13,10.52,2.869,3.55
sh.603309,维力医疗,0.2,12.53,1.6,0.2,15.83,1.26,0.135,19.98,0.68,0.34,14.23,2.39,0.5,11.98,4.17,0.5,13.7,3.65,1.875,2.29
sh.603317,天味食品,0.28,82.24,0.34,0.25,26.81,0.93,0.05,27.48,0.18,0.32,13.29,2.41,0.4,13.34,3.0,0.55,12.63,4.35,1.85,1.87
sh.603323,苏农银行,0.15,4.96,3.02,0.15,4.87,3.08,0.16,4.69,3.41,0.17,4.16,4.09,0.18,5.29,3.4,0.27,5.19,5.2,1.08,3.7
sh.603326,我乐家居,0.28,8.94,3.13,0.3,9.67,3.1,0.0,7.98,0.0,0.15,9.43,1.59,0.27,6.12,4.41,0.65,9.18,7.08,1.65,3.86
sh.603357,设计总院,0.22,9.27,2.37,0.25,9.22,2.71,0.46,9.08,5.07,0.53,8.9,5.96,0.35,9.06,3.86,0.35,8.3,4.22,2.16,4.03
sh.603365,水星家纺,0.8,13.35,5.99,0.4,16.83,2.38,0.5,13.12,3.81,0.7,14.38,4.87,0.9,16.2,5.56,0.9,20.8,4.33,4.2,4.49
sh.603368,柳药集团,0.68,21.54,3.16,0.6,19.04,3.15,0.48,18.67,2.57,0.508,18.92,2.68,0.6,17.86,3.36,0.751,18.35,4.09,3.619,3.17
sh.603369,今世缘,0.41,57.38,0.71,0.45,54.4,0.83,0.59,50.9,1.16,0.73,48.75,1.5,1.0,45.23,2.21,1.2,36.07,3.33,4.38,1.62
sh.603408,建霖家居,0.35,16.31,2.15,0.385,14.2,2.71,0.395,10.86,3.64,0.47,12.84,3.66,0.67,12.53,5.35,0.5,13.54,3.69,2.77,3.53
sh.603444,吉比特,5.0,426.0,1.17,12.0,421.85,2.84,30.0,312.84,9.59,10.0,245.12,4.08,6.5,218.84,2.97,16.1,440.08,3.66,79.6,4.05
sh.603508,思维列控,0.479,24.31,1.97,0.312,22.98,1.36,0.8483,16.33,5.19,0.5451,15.7,3.47,1.0065,23.78,4.23,3.2883,29.34,11.21,6.4792,4.57
sh.603515,欧普照明,0.5,30.21,1.66,0.5,20.76,2.41,0.5,15.48,3.23,0.5,17.38,2.88,0.85,16.45,5.17,0.9,18.03,4.99,3.75,3.39
sh.603518,锦泓集团,0.0,5.14,0.0,0.0,12.07,0.0,0.0,6.7,0.0,0.1,10.02,1.0,0.26,9.8,2.65,0.31,9.95,3.12,0.67,2.26
sh.603519,立霸股份,0.3,13.32,2.25,0.2,14.77,1.35,0.4,11.05,3.62,1.7,13.04,13.04,1.0,11.82,8.46,1.0,12.43,8.05,4.6,6.13
sh.603529,爱玛科技,0.0,0.0,0.0,0.0,45.57,0.0,0.5,45.87,1.09,1.652,25.04,6.6,0.866,41.02,2.11,1.22,29.88,4.08,4.238,3.47
sh.603551,奥普科技,0.33,14.91,2.21,0.4,10.21,3.92,0.6,9.75,6.15,0.75,10.59,7.08,1.1,10.68,10.3,0.85,12.41,6.85,4.03,6.08
sh.603558,健盛集团,0.35,8.02,4.36,0.0,11.78,0.0,0.15,8.24,1.82,0.65,9.69,6.71,0.45,10.76,4.18,0.55,11.5,4.78,2.15,4.37
sh.603565,中谷物流,0.0,22.81,0.0,0.9,28.39,3.17,2.7,14.54,18.57,0.22,8.23,2.67,0.72,9.8,7.35,1.22,10.39,11.74,5.76,8.7
sh.603566,普莱柯,0.2,20.73,0.96,0.5,22.1,2.26,0.2,27.36,0.73,0.65,22.65,2.87,0.4,12.76,3.13,0.6,13.13,4.57,2.55,2.42
sh.603569,长久物流,0.699,7.88,8.87,0.107,7.23,1.48,0.0,8.79,0.0,0.0,12.39,0.0,0.07,7.44,0.94,0.36,7.84,4.59,1.236,3.97
sh.603587,地素时尚,1.0,19.07,5.24,0.8,19.16,4.18,1.0,15.22,6.57,0.7,13.11,5.34,0.8,12.6,6.35,0.5,13.06,3.83,4.8,5.25
sh.603589,口子窖,1.5,68.9,2.18,1.2,70.87,1.69,1.5,57.67,2.6,1.5,45.3,3.31,1.5,39.24,3.82,1.3,30.39,4.28,8.5,2.98
sh.603600,永艺股份,0.2,13.28,1.51,0.25,12.35,2.02,0.22,9.75,2.26,0.35,11.04,3.17,0.56,11.89,4.71,0.46,12.73,3.61,2.04,2.88
sh.603611,诺力股份,0.0,14.4,0.0,0.3,19.4,1.55,0.55,16.19,3.4,0.55,18.93,2.91,0.622,17.95,3.47,0.897,23.42,3.83,2.919,3.03
sh.603639,海利尔,0.3,20.39,1.47,0.3,25.11,1.19,1.0,25.54,3.92,1.0,15.7,6.37,0.5,12.4,4.03,0.5,12.77,3.92,3.6,3.48
sh.603658,安图生物,0.9,145.18,0.62,0.85,55.06,1.54,0.72,61.85,1.16,0.8,57.01,1.4,1.0521,43.64,2.41,1.26,35.98,3.5,5.5821,1.77
sh.603661,恒林股份,0.28,54.34,0.52,0.0,40.71,0.0,1.0,28.47,3.51,0.98,44.57,2.2,0.0,30.64,0.0,1.27,33.5,3.79,3.53,2.5
sh.603682,锦和商管,0.38,8.35,4.55,0.22,6.08,3.62,0.22,5.41,4.07,0.22,5.74,3.83,0.22,7.48,2.94,0.33,6.52,5.06,1.59,4.01
sh.603689,皖天然气,0.21,12.38,1.7,0.19,10.52,1.81,0.19,7.86,2.42,0.2,8.69,2.3,0.35,8.98,3.9,0.4,8.31,4.81,1.54,2.82
sh.603697,有友食品,0.08,19.65,0.41,0.32,17.57,1.82,0.65,12.44,5.23,0.46,9.3,4.95,0.51,10.18,5.01,0.44,12.51,3.52,2.46,3.49
sh.603699,纽威股份,0.4,12.49,3.2,0.46,10.95,4.2,0.25,11.1,2.25,0.36,13.86,2.6,0.9,22.17,4.06,1.72,47.92,3.59,4.09,3.32
sh.603706,东方环宇,0.45,16.29,2.76,0.6,14.79,4.06,0.8,13.78,5.81,0.7,16.53,4.23,0.9,18.71,4.81,0.9,20.01,4.5,4.35,4.36
sh.603730,岱美股份,0.5,28.55,1.75,0.5,23.32,2.14,0.5,16.08,3.11,0.5,14.49,3.45,0.4,8.99,4.45,0.35,8.14,4.3,2.75,3.2
sh.603788,宁波高发,0.6,13.92,4.31,0.6,14.28,4.2,0.5,10.66,4.69,0.5,14.93,3.35,0.6,13.83,4.34,0.7,16.26,4.31,3.5,4.2
sh.603801,志邦家居,0.66,34.51,1.91,0.8,30.42,2.63,0.6,26.88,2.23,0.7,16.77,4.17,0.7,12.81,5.46,0.6,9.29,6.46,4.06,3.81
sh.603816,顾家家居,1.17,70.51,1.66,0.82,77.16,1.06,1.32,42.71,3.09,1.11,35.0,3.17,1.39,27.58,5.04,1.38,30.33,4.55,7.19,3.1
sh.603833,欧派家居,1.09,134.5,0.81,1.2,147.5,0.81,1.75,121.53,1.44,1.7707,69.61,2.54,2.76,68.94,4.0,2.48,52.32,4.74,11.0507,2.39
sh.603855,华荣股份,0.5,16.14,3.1,0.5,25.28,1.98,1.0,23.1,4.33,1.0,19.96,5.01,1.0,20.29,4.93,1.0,19.61,5.1,5.0,4.08
sh.603871,嘉友国际,1.0,21.51,4.65,1.0,20.8,4.81,0.5,22.6,2.21,0.5,15.86,3.15,0.8,19.35,4.13,0.6,12.82,4.68,4.4,3.94
sh.603886,元祖股份,1.2,17.04,7.04,1.0,23.55,4.25,1.0,19.62,5.1,1.0,18.23,5.49,1.0,14.42,6.93,1.0,14.0,7.14,6.2,5.99
sh.603889,新澳股份,0.16,4.81,3.33,0.2,6.19,3.23,0.3,7.18,4.18,0.4,7.12,5.62,0.3,7.01,4.28,0.3,7.7,3.9,1.66,4.09
sh.603897,长城科技,0.58,17.82,3.25,1.1,49.84,2.21,0.5,21.35,2.34,0.9,20.48,4.39,2.2,23.5,9.36,1.8,25.81,6.97,7.08,4.75
sh.603899,晨光股份,0.4,88.56,0.45,0.5,64.51,0.78,0.6,54.98,1.09,0.5,37.55,1.33,0.8,30.25,2.64,1.0,27.61,3.62,3.8,1.65
sh.603929,亚翔集成,0.25,11.35,2.2,0.1,12.16,0.82,0.1,12.68,0.79,0.25,23.92,1.05,1.0,27.73,3.61,2.0,77.5,2.58,3.7,1.84
sh.603939,益丰药房,0.3,90.19,0.33,0.6,55.11,1.09,0.3,63.84,0.47,0.4,40.04,1.0,0.75,24.13,3.11,0.7,23.1,3.03,3.05,1.5
sh.603948,建业股份,0.25,19.23,1.3,0.2,27.9,0.72,0.55,21.77,2.53,1.92,22.74,8.44,1.0,18.43,5.43,1.0,26.57,3.76,4.92,3.7
sh.603967,中创物流,0.375,13.46,2.79,0.375,14.31,2.62,0.5,9.98,5.01,0.45,10.34,4.35,0.5,9.81,5.1,0.6,12.43,4.83,2.8,4.12
sh.603970,中农立华,0.25,21.1,1.18,0.3,26.05,1.15,0.35,29.3,1.19,0.55,15.36,3.58,0.45,14.2,3.17,0.45,13.1,3.44,2.35,2.28
sh.603995,甬金股份,0.7,26.02,2.69,0.7,57.86,1.21,0.8,27.83,2.87,0.5,19.23,2.6,0.5,18.29,2.73,0.8,17.18,4.66,4.0,2.79
sh.603998,方盛制药,0.12,5.99,2.0,0.06,6.8,0.88,0.24,8.01,3.0,0.35,10.96,3.19,0.25,10.42,2.4,0.35,11.65,3.0,1.37,2.41
sh.605066,天正电气,0.0,13.08,0.0,0.3,11.62,2.58,0.0,7.46,0.0,0.25,9.18,2.72,0.35,6.02,5.81,0.25,7.43,3.36,1.15,3.62
sh.605077,华康股份,0.0,0.0,0.0,1.0,41.85,2.39,0.6,30.34,1.98,0.6,21.64,2.77,0.7,14.72,4.76,0.7,15.3,4.58,3.6,3.3
sh.605090,九丰能源,0.0,0.0,0.0,0.1793,35.17,0.51,0.25,20.65,1.21,0.6,27.93,2.15,0.8,28.53,2.8,1.2307,33.34,3.69,3.06,2.07
sh.605098,行动教育,0.0,0.0,0.0,0.7,56.33,1.24,1.5,29.28,5.12,2.8,38.55,7.26,2.5,35.24,7.09,2.25,41.36,5.44,9.75,5.23
sh.605117,德业股份,0.0,0.0,0.0,0.8,273.79,0.29,1.2,331.2,0.36,2.26,83.9,2.69,3.3,84.8,3.89,3.708,85.04,4.36,11.268,2.32
sh.605266,健之佳,0.0,111.12,0.0,2.3,76.57,3.0,1.575,80.07,1.97,1.46,59.4,2.46,1.285,23.07,5.57,1.1,20.19,5.45,7.72,3.69
sh.605319,无锡振华,0.0,0.0,0.0,0.0,16.96,0.0,0.15,12.93,1.16,0.1,23.02,0.43,0.58,21.05,2.76,0.67,20.76,3.23,1.5,1.9
sh.605337,李子园,0.0,0.0,0.0,0.5,49.7,1.01,0.45,23.43,1.92,0.3,14.09,2.13,0.5,11.29,4.43,0.74,12.04,6.15,2.49,3.13
sh.605368,蓝天燃气,0.0,0.0,0.0,0.5,14.45,3.46,0.5,12.35,4.05,1.0,10.77,9.29,1.3,11.43,11.37,0.85,9.38,9.06,4.15,7.45
sh.605377,华旺科技,0.0,19.97,0.0,0.6,17.94,3.34,0.52,24.54,2.12,0.52,19.09,2.72,1.52,13.35,11.39,0.68,8.18,8.31,3.84,5.58
sh.605599,菜百股份,0.0,0.0,0.0,0.0,13.46,0.0,0.36,10.18,3.54,0.46,14.89,3.09,0.7,11.35,6.17,0.72,15.19,4.74,2.24,4.38
sh.688009,中国通号,0.2,5.86,3.41,0.2,4.98,4.02,0.17,4.79,3.55,0.17,4.38,3.88,0.17,6.26,2.72,0.17,5.27,3.23,1.08,3.47
sh.688032,禾迈股份,0.0,0.0,0.0,0.0,703.99,0.0,3.0,937.15,0.32,7.7,270.0,2.85,3.6,112.64,3.2,3.2,98.86,3.24,17.5,2.4
sh.688036,传音控股,0.68,152.14,0.45,1.08,156.9,0.69,1.5,79.52,1.89,4.8,138.4,3.47,4.5,95.0,4.74,2.3,68.36,3.36,14.86,2.43
sh.688208,道通科技,0.4,68.51,0.58,0.5,79.4,0.63,0.1,31.55,0.32,0.0,23.75,0.0,0.8,39.16,2.04,1.08,33.92,3.18,2.88,1.35
sh.688358,祥生医疗,1.0,50.59,1.98,0.8,45.58,1.76,0.5,34.4,1.45,0.7,37.78,1.85,0.8,24.42,3.28,1.0,30.77,3.25,4.8,2.26
sh.688399,硕世生物,3.0,192.34,1.56,5.5,137.5,4.0,10.0,87.71,11.4,0.0,54.56,0.0,0.0,65.72,0.0,3.4,67.99,5.0,21.9,5.49
sh.688516,奥特维,0.4,79.5,0.5,0.6,245.72,0.24,1.6,201.0,0.8,1.5963,90.5,1.76,2.8555,43.31,6.59,2.1,40.21,5.22,9.1518,2.52
sh.688517,金冠电气,0.0,0.0,0.0,0.0,13.64,0.0,0.42,11.49,3.66,0.2,15.79,1.27,0.5,13.56,3.69,0.55,16.11,3.41,1.67,3.01
sh.688606,奥泰生物,0.0,0.0,0.0,2.0,123.01,1.63,4.0,104.4,3.83,10.0,68.6,14.58,3.0,63.3,4.74,2.5,64.18,3.9,21.5,5.74
sh.688628,优利德,0.0,0.0,0.0,0.45,29.29,1.54,0.3,28.75,1.04,0.38,39.4,0.96,1.2,36.84,3.26,1.3,32.18,4.04,3.63,2.17
sh.688697,纽威数控,0.0,0.0,0.0,0.0,16.84,0.0,0.25,22.81,1.1,0.4,18.83,2.12,0.6,16.64,3.61,0.6,15.58,3.85,1.85,2.67
sz.000001,平安银行,0.218,19.34,1.13,0.18,16.48,1.09,0.228,13.16,1.73,0.285,9.39,3.04,0.965,11.7,8.25,0.598,11.52,5.19,2.474,3.4
sz.000048,京基智农,0.75,22.9,3.28,1.5,17.31,8.67,1.3,17.85,7.28,1.0,18.3,5.46,0.38,18.0,2.11,0.73,13.35,5.47,5.66,5.38
sz.000088,盐田港,0.015,6.32,0.24,0.018,5.3,0.34,0.03,5.07,0.59,0.045,4.88,0.92,0.182,4.87,3.74,0.218,4.45,4.9,0.508,1.79
sz.000157,中联重科,0.21,9.9,2.12,0.32,7.17,4.46,0.32,5.44,5.88,0.32,6.53,4.9,0.32,7.23,4.43,0.3,8.58,3.5,1.79,4.21
sz.000333,美的集团,1.6,98.44,1.63,1.6006,73.81,2.17,1.7009,51.8,3.28,2.5,54.63,4.58,3.0,75.22,3.99,4.0,81.81,4.89,14.4015,3.42
sz.000338,潍柴动力,0.286,15.79,1.81,0.418,17.89,2.34,0.281,10.18,2.76,0.384,13.65,2.81,0.665,13.7,4.85,0.705,17.44,4.04,2.739,3.1
sz.000404,长虹华意,0.02,5.07,0.39,0.1,4.69,2.13,0.15,5.46,2.75,0.2,5.89,3.4,0.25,7.4,3.38,0.3,6.94,4.32,1.02,2.73
sz.000411,英特集团,0.061,19.38,0.31,0.065,14.66,0.44,0.2,11.57,1.73,0.126,11.21,1.12,0.3045,10.65,2.86,0.3832,12.61,3.04,1.1397,1.58
sz.000423,东阿阿胶,0.2031,38.71,0.52,0.3047,48.75,0.62,0.6601,40.7,1.62,1.1781,49.32,2.39,2.9309,62.72,4.67,2.5431,47.87,5.31,7.82,2.52
sz.000429,粤高速A,0.422,6.05,6.98,0.291,7.4,3.93,0.57,7.82,7.29,0.428,8.46,5.06,0.547,14.7,3.72,0.523,12.54,4.17,2.781,5.19
sz.000498,山东路桥,0.08,4.75,1.68,0.1,6.18,1.62,0.125,6.87,1.82,0.16,5.64,2.84,0.21,5.95,3.53,0.193,6.02,3.21,0.868,2.45
sz.000513,丽珠集团,1.1501,40.5,2.84,1.25,40.21,3.11,1.3,32.48,4.0,1.6,35.01,4.57,1.35,38.0,3.55,1.1,35.75,3.08,7.7501,3.52
sz.000521,长虹美菱,0.05,6.06,0.83,0.05,3.67,1.36,0.05,4.21,1.19,0.09,5.63,1.6,0.3,8.16,3.68,0.33,6.67,4.95,0.87,2.27
sz.000543,皖能电力,0.119,4.18,2.85,0.076,5.56,1.37,0.0,4.48,0.0,0.048,6.26,0.77,0.221,7.91,2.79,0.319,8.16,3.91,0.783,2.34
sz.000544,中原环保,0.25,7.01,3.57,0.25,6.4,3.91,0.25,6.32,3.96,0.15,6.94,2.16,0.18,8.73,2.06,0.26,8.55,3.04,1.34,3.12
sz.000550,江铃汽车,0.07,20.64,0.34,3.476,16.31,21.31,0.266,13.43,1.98,0.424,19.03,2.23,0.684,23.45,2.92,0.7191,18.49,3.89,5.6391,5.45
sz.000568,泸州老窖,1.59,226.16,0.7,2.051,253.87,0.81,3.244,224.28,1.45,4.225,179.42,2.35,6.7581,125.2,5.4,4.592,125.38,3.66,22.4601,2.4
sz.000581,威孚高科,1.1,23.19,4.74,1.5,21.54,6.96,1.6,17.73,9.02,0.1,15.07,0.66,1.22,18.88,6.46,1.0,20.39,4.9,6.52,5.46
sz.000589,贵州轮胎,0.04,6.58,0.61,0.15,6.15,2.44,0.1,4.79,2.09,0.2,6.12,3.27,0.2,5.03,3.98,0.17,5.18,3.28,0.86,2.61
sz.000596,古井贡酒,1.5,272.0,0.55,1.5,244.0,0.61,2.2,266.9,0.82,3.0,232.8,1.29,5.5,173.3,3.17,5.0,153.88,3.25,18.7,1.61
sz.000601,韶能股份,0.25,6.69,3.74,0.05,5.12,0.98,0.05,4.7,1.06,0.0,4.28,0.0,0.0,4.06,0.0,0.2,5.1,3.92,0.55,2.43
sz.000651,格力电器,2.2,61.94,3.55,3.0,37.03,8.1,4.0,32.32,12.38,1.0,32.17,3.11,2.38,45.45,5.24,3.0,40.68,7.37,15.58,6.62
sz.000672,上峰水泥,0.9,19.51,4.61,1.7,20.07,8.47,0.8,10.68,7.49,0.35,8.06,4.34,0.4,7.65,5.23,0.63,11.02,5.72,4.78,5.98
sz.000683,博源化工,0.0,2.16,0.0,0.0,7.3,0.0,0.1,7.84,1.28,0.15,5.87,2.56,0.3,5.59,5.37,0.3,7.13,4.21,0.85,3.36
sz.000690,宝新能源,0.2,7.3,2.74,0.3,5.92,5.07,0.05,6.5,0.77,0.03,4.43,0.68,0.3,4.48,6.7,0.2,4.34,4.61,1.08,3.43
sz.000708,中信特钢,1.0,21.79,4.59,0.7,20.48,3.42,0.8,17.16,4.66,0.7,14.04,4.99,0.5647,11.41,4.95,0.7072,15.54,4.55,4.4719,4.53
sz.000719,中原传媒,0.28,6.82,4.11,0.31,7.52,4.12,0.33,8.03,4.11,0.38,9.73,3.91,0.42,11.36,3.7,0.6,11.95,5.02,2.32,4.16
sz.000731,四川美丰,0.05,5.1,0.98,0.0,10.38,0.0,0.17,7.93,2.14,0.1721,7.4,2.33,0.2702,7.34,3.68,0.27,6.61,4.08,0.9323,2.64
sz.000739,普洛药业,0.165,23.28,0.71,0.243,35.09,0.69,0.285,21.54,1.32,0.297,15.39,1.93,0.3169,16.26,1.95,0.7044,16.16,4.36,2.0113,1.83
sz.000755,山西高速,0.0,3.46,0.0,0.0,4.62,0.0,0.0,5.41,0.0,0.0,4.59,0.0,0.045,5.06,0.89,0.2,5.32,3.76,0.245,2.32
sz.000786,北新建材,0.082,40.05,0.2,0.55,35.83,1.54,0.655,25.88,2.53,0.655,23.36,2.8,0.835,30.31,2.75,0.865,25.1,3.45,3.642,2.21
sz.000828,东莞控股,0.3,10.07,2.98,0.25,10.18,2.46,0.27,8.97,3.01,0.25,10.74,2.33,0.475,10.69,4.44,0.475,11.12,4.27,2.02,3.25
sz.000848,承德露露,0.2,7.1,2.82,0.26,10.85,2.4,0.0,8.48,0.0,0.3,7.85,3.82,0.4,8.97,4.46,0.3,8.52,3.52,1.46,3.4
sz.000895,双汇发展,1.64,46.94,3.49,1.68,31.55,5.32,1.898,25.93,7.32,1.75,26.71,6.55,1.36,25.96,5.24,1.4,26.62,5.26,9.728,5.53
sz.000897,津滨发展,0.0,2.49,0.0,0.0,2.72,0.0,0.0,2.35,0.0,0.0,2.16,0.0,0.0,2.37,0.0,0.095,2.5,3.8,0.095,3.8
sz.000899,赣能股份,0.1,7.1,1.41,0.1,5.93,1.69,0.0,9.77,0.0,0.0,7.74,0.0,0.151,8.71,1.73,0.33,9.96,3.31,0.681,2.04
sz.000900,现代投资,0.16,4.25,3.76,0.16,4.22,3.79,0.16,4.18,3.83,0.1,3.92,2.55,0.15,4.41,3.4,0.15,4.28,3.5,0.88,3.47
sz.000906,浙商中拓,0.2501,6.68,3.74,0.3,11.11,2.7,0.41,9.01,4.55,0.5,7.31,6.84,0.35,6.6,5.3,0.2,5.97,3.35,2.0101,4.41
sz.000913,钱江摩托,0.44,25.59,1.72,0.0,14.19,0.0,0.0,18.48,0.0,0.24,12.47,1.92,0.78,18.01,4.33,0.9,15.78,5.7,2.36,3.42
sz.000915,华特达因,0.3,23.39,1.28,0.35,30.46,1.15,0.8,45.5,1.76,0.8,28.96,2.76,2.5,28.18,8.87,2.5,32.98,7.58,7.25,3.9
sz.000921,海信家电,0.395,14.41,2.74,0.347,15.15,2.29,0.214,13.17,1.62,0.5171,20.4,2.53,1.013,28.9,3.51,1.23,26.34,4.67,3.7161,2.89
sz.000928,中钢国际,0.13,4.45,2.92,0.244,9.3,2.62,0.254,5.88,4.32,0.2451,5.83,4.2,0.266,6.37,4.18,0.299,6.58,4.54,1.4381,3.8
sz.000937,冀中能源,0.1,4.16,2.4,0.4,5.51,7.26,1.0,6.36,15.72,1.0,7.14,14.01,0.8,6.32,12.66,0.6,5.8,10.34,3.9,10.4
sz.000951,中国重汽,0.55,31.46,1.75,0.68,16.89,4.03,0.3,14.84,2.02,0.082,13.36,0.61,0.753,16.98,4.43,0.72,17.09,4.21,3.085,2.84
sz.000983,山西焦煤,0.1,5.64,1.77,0.1,8.27,1.21,0.8,11.65,6.87,1.2,9.88,12.15,0.8,8.24,9.71,0.256,6.65,3.85,3.256,5.93
sz.000987,越秀资本,0.17,14.56,1.17,0.25,8.7,2.87,0.2,5.99,3.34,0.17,6.02,2.82,0.17,7.02,2.42,0.26,7.51,3.46,1.22,2.68
sz.000989,九芝堂,0.4,7.87,5.08,0.4,10.86,3.68,0.4,8.81,4.54,0.4,10.12,3.95,0.4,7.96,5.03,0.3,9.26,3.24,2.3,4.25
sz.001227,兰州银行,0.0,0.0,0.0,0.0,0.0,0.0,0.1,3.77,2.65,0.12,2.6,4.62,0.1,2.46,4.07,0.101,2.37,4.26,0.421,3.9
sz.001286,陕西能源,0.0,0.0,0.0,0.0,0.0,0.0,0.0,0.0,0.0,0.35,8.55,4.09,0.41,9.28,4.42,0.36,9.9,3.64,1.12,4.05
sz.001299,美能能源,0.0,0.0,0.0,0.0,0.0,0.0,0.0,20.2,0.0,0.0,15.53,0.0,0.3,12.44,2.41,0.95,11.55,8.23,1.25,5.32
sz.001323,慕思股份,0.0,0.0,0.0,0.0,0.0,0.0,1.0,33.12,3.02,1.0,30.5,3.28,1.75,37.81,4.63,2.45,26.75,9.16,6.2,5.02
sz.001872,招商港口,0.46,15.92,2.89,0.38,16.95,2.24,0.43,14.36,2.99,0.45,15.96,2.82,0.58,20.47,2.83,0.74,19.74,3.75,3.04,2.92
sz.001965,招商公路,0.28,6.89,4.06,0.177,7.67,2.31,0.346,7.77,4.45,0.414,9.77,4.24,0.531,13.95,3.81,0.417,9.81,4.25,2.165,3.85
sz.002003,伟星股份,0.4,6.82,5.87,0.4,12.82,3.12,0.5,10.12,4.94,0.35,10.85,3.23,0.65,14.17,4.59,0.4,10.85,3.69,2.7,4.24
sz.002004,华邦健康,0.22,5.54,3.97,0.22,7.24,3.04,0.22,5.1,4.31,0.22,4.66,4.72,0.22,4.52,4.87,0.2,4.86,4.12,1.3,4.17
sz.002007,华兰生物,0.4,42.24,0.95,0.3,29.14,1.03,0.2,22.63,0.88,0.3,22.13,1.36,0.3,16.85,1.78,0.7,15.43,4.54,2.2,1.76
sz.002014,永新股份,0.4,9.81,4.08,0.5,8.58,5.83,0.5,8.04,6.22,0.4,8.35,4.79,0.55,10.96,5.02,0.9,11.63,7.74,3.25,5.61
sz.002027,分众传媒,0.07,9.87,0.71,0.323,8.19,3.94,0.27,6.68,4.04,0.28,6.32,4.43,0.43,7.03,6.12,0.38,7.13,5.33,1.753,4.09
sz.002032,苏泊尔,1.33,77.99,1.71,1.29,62.24,2.07,3.18,49.46,6.43,3.03,53.01,5.72,2.73,53.21,5.13,2.81,48.47,5.8,14.37,4.48
sz.002033,丽江股份,0.12,6.4,1.88,0.4,6.21,6.44,0.0,12.1,0.0,0.25,8.09,3.09,0.35,8.87,3.95,0.35,8.94,3.91,1.47,3.85
sz.002034,旺能环境,0.1,15.92,0.63,0.5,17.27,2.9,0.3,18.04,1.66,0.7,15.25,4.59,0.5001,15.5,3.23,0.5008,16.35,3.06,2.6009,2.68
sz.002035,华帝股份,0.3,8.83,3.4,0.15,6.36,2.36,0.1,5.54,1.81,0.1,6.21,1.61,0.3,7.34,4.09,0.3,6.22,4.82,1.25,3.02
sz.002043,兔宝宝,0.25,8.97,2.79,0.2,12.08,1.66,0.47,10.86,4.33,0.5,8.86,5.64,0.83,11.88,6.99,0.6,13.21,4.54,2.85,4.33
sz.002056,横店东磁,0.1485,15.19,0.98,0.218,18.87,1.16,0.2416,18.74,1.29,0.362,13.54,2.67,0.3884,12.96,3.0,0.8322,19.3,4.31,2.1907,2.23
sz.002060,广东建工,0.06,3.31,1.81,0.065,5.55,1.17,0.078,6.88,1.13,0.15,4.91,3.05,0.155,3.66,4.23,0.14,3.79,3.69,0.648,2.51
sz.002061,浙江交科,0.12,5.19,2.31,0.12,5.58,2.15,0.1613,5.3,3.04,0.17,3.65,4.66,0.125,4.08,3.06,0.125,4.14,3.02,0.8213,3.04
sz.002081,金螳螂,0.2,9.39,2.13,0.2,6.08,3.29,0.0,4.85,0.0,0.1,3.76,2.66,0.1,3.57,2.8,0.1,3.27,3.06,0.7,2.79
sz.002088,鲁阳节能,0.65,11.09,5.86,0.85,26.0,3.27,0.7,23.12,3.03,0.8,14.25,5.61,0.8,12.79,6.25,0.8,11.13,7.19,4.6,5.2
sz.002091,江苏国泰,0.3,7.23,4.15,0.25,13.73,1.82,0.25,8.5,2.94,0.25,7.83,3.19,0.4,7.32,5.46,0.47,9.02,5.21,1.92,3.79
sz.002100,天康生物,0.2,10.59,1.89,0.46,10.7,4.3,0.0,8.31,0.0,0.22,8.77,2.51,0.0,6.55,0.0,0.22,6.92,3.18,1.1,2.97
sz.002128,电投能源,0.4,10.94,3.66,0.4,14.85,2.69,0.5,12.34,4.05,0.5,14.27,3.5,0.73,19.58,3.73,0.8,27.97,2.86,3.33,3.41
sz.002142,宁波银行,0.5,35.34,1.41,0.5,38.28,1.31,0.5,32.45,1.54,0.5,20.11,2.49,0.6,24.31,2.47,0.9,28.18,3.19,3.5,2.07
sz.002170,芭田股份,0.006,4.59,0.13,0.01,6.71,0.15,0.01,6.22,0.16,0.015,5.55,0.27,0.15,8.73,1.72,0.44,12.19,3.61,0.631,1.01
sz.002206,海利得,0.1,3.91,2.56,0.2,8.88,2.25,0.1,5.97,1.68,0.15,5.02,2.99,0.15,4.29,3.5,0.18,5.68,3.17,0.88,2.69
sz.002215,诺普信,0.15,5.98,2.51,0.1,6.38,1.57,0.2,5.27,3.8,0.15,8.26,1.82,0.15,11.23,1.34,0.35,11.05,3.17,1.1,2.37
sz.002228,合兴包装,0.1,4.21,2.38,0.1,3.65,2.74,0.15,3.21,4.67,0.12,3.43,3.5,0.12,3.0,4.0,0.18,4.62,3.9,0.77,3.53
sz.002233,塔牌集团,0.87,12.74,6.83,0.86,10.58,8.13,0.62,7.1,8.73,0.12,7.08,1.69,0.5,7.67,6.52,0.45,9.34,4.82,3.42,6.12
sz.002236,大华股份,0.133,19.89,0.67,0.268,23.48,1.14,0.27,11.31,2.39,0.5511,18.45,2.99,0.566,16.0,3.54,0.643,19.35,3.32,2.4311,2.34
sz.002258,利尔化学,0.0,20.9,0.0,0.2,33.73,0.59,0.5,17.96,2.78,0.5,11.97,4.18,0.0,8.27,0.0,0.4,13.3,3.01,1.6,2.64
sz.002267,陕天然气,0.2,6.47,3.09,0.2,7.37,2.71,0.6,7.21,8.32,0.3,7.33,4.09,0.4,8.45,4.73,0.35,7.92,4.42,2.05,4.56
sz.002271,东方雨虹,0.3,38.8,0.77,0.3,52.68,0.57,0.3,33.57,0.89,0.1,19.2,0.52,1.2,12.98,9.24,1.85,13.19,14.03,4.05,4.34
sz.002274,华昌化工,0.1,4.76,2.1,0.1,12.67,0.79,0.3,7.29,4.12,0.3,7.55,3.97,0.3,7.77,3.86,0.3,5.96,5.03,1.4,3.31
sz.002275,桂林三金,0.23,14.91,1.54,0.8,16.91,4.73,0.9,13.22,6.81,0.7,14.49,4.83,0.55,15.09,3.64,0.55,14.96,3.68,3.73,4.21
sz.002283,天润工业,0.07,5.38,1.3,0.05,9.44,0.53,0.1,4.78,2.09,0.05,5.85,0.85,0.23,5.32,4.32,0.25,6.19,4.04,0.75,2.19
sz.002293,罗莱生活,0.5,12.45,4.02,1.2,14.33,8.37,0.6,11.22,5.35,0.6,9.29,6.46,0.6,7.8,7.69,0.6,9.71,6.18,4.1,6.34
sz.002299,圣农发展,1.0,26.54,3.77,0.0,24.17,0.0,0.3,23.69,1.27,0.2,17.18,1.16,0.5,14.48,3.45,0.5,16.08,3.11,2.5,2.55
sz.002303,美盈森,0.333,4.0,8.33,0.12,3.59,3.34,0.02,3.54,0.56,0.066,3.51,1.88,0.57,3.58,15.92,0.197,4.12,4.78,1.306,5.8
sz.002304,洋河股份,3.0,235.99,1.27,3.0,164.73,1.82,3.0,160.5,1.87,3.74,109.9,3.4,6.99,83.53,8.37,2.317,62.75,3.69,22.047,3.4
sz.002318,久立特材,0.3,10.9,2.75,0.38,17.88,2.13,0.4,16.64,2.4,0.43,19.88,2.16,0.48,23.41,2.05,0.97,24.81,3.91,2.96,2.57
sz.002322,理工能科,0.35,11.22,3.12,0.65,11.99,5.42,0.2,8.93,2.24,0.05,12.8,0.39,1.24,12.59,9.85,0.66,12.26,5.38,3.15,4.4
sz.002327,富安娜,0.5,7.66,6.53,0.5,8.54,5.85,0.6,7.07,8.49,0.6,8.95,6.7,0.65,8.84,7.35,0.62,7.08,8.76,3.47,7.28
sz.002332,仙琚制药,0.1,13.36,0.75,0.15,13.2,1.14,0.15,11.3,1.33,0.3,12.77,2.35,0.3,9.94,3.02,0.4,9.21,4.34,1.4,2.15
sz.002367,康力电梯,0.55,9.83,5.6,0.3,8.03,3.74,0.3,7.5,4.0,0.25,7.52,3.32,0.35,6.87,5.09,0.3,7.33,4.09,2.05,4.31
sz.002372,伟星新材,0.5,18.7,2.67,0.5,24.32,2.06,0.6,21.34,2.81,0.6,14.47,4.15,0.9,12.63,7.13,0.6,10.44,5.75,3.7,4.09
sz.002404,嘉欣丝绸,0.2,8.2,2.44,0.2,5.76,3.47,0.2,6.37,3.14,0.25,6.04,4.14,0.3,6.19,4.85,0.3,7.1,4.23,1.45,3.71
sz.002415,海康威视,0.7,48.51,1.44,0.8,52.32,1.53,0.9,34.68,2.6,0.7,34.72,2.02,0.9,30.7,2.93,1.1,30.43,3.61,5.1,2.35
sz.002416,爱施德,0.2,7.46,2.68,0.4,11.38,3.51,0.45,9.48,4.75,0.5,9.29,5.38,0.4,16.27,2.46,0.5,11.91,4.2,2.45,3.83
sz.002441,众业达,0.22,8.12,2.71,0.25,10.2,2.45,0.35,8.3,4.22,0.35,9.47,3.7,0.3,7.78,3.86,0.5,9.27,5.39,1.97,3.72
sz.002469,三维化学,0.1,5.68,1.76,0.15,6.77,2.22,0.25,5.87,4.26,0.25,6.06,4.13,0.4,7.3,5.48,0.4,8.34,4.8,1.55,3.78
sz.002479,富春环保,0.15,5.74,2.61,0.15,5.94,2.53,0.2,4.34,4.61,0.2,4.77,4.19,0.15,4.74,3.16,0.15,4.99,3.01,1.0,3.35
sz.002483,润邦股份,0.05,5.65,0.88,0.05,8.08,0.62,0.05,5.03,0.99,0.0531,5.22,1.02,0.1,5.21,1.92,0.3,7.01,4.28,0.6031,1.62
sz.002507,涪陵榨菜,0.3,42.3,0.71,0.3,37.8,0.79,0.35,25.77,1.36,0.38,14.29,2.66,0.3,14.13,2.12,0.42,13.01,3.23,2.05,1.81
sz.002508,老板电器,0.5,40.78,1.23,0.5,36.02,1.39,0.5,27.76,1.8,0.5,21.78,2.3,1.0,21.43,4.67,1.0,19.78,5.06,4.0,2.74
sz.002521,齐峰新材,0.1,5.43,1.84,0.1,6.26,1.6,0.1,5.05,1.98,0.1,8.27,1.21,0.2,10.02,2.0,0.4,8.85,4.52,1.0,2.19
sz.002532,天山铝业,0.0,7.57,0.0,0.4,8.15,4.91,0.2,7.72,2.59,0.2,6.01,3.33,0.35,7.87,4.45,0.4,14.15,2.83,1.55,3.62
sz.002540,亚太科技,0.2405,5.2,4.63,0.06,7.7,0.78,0.1001,5.07,1.97,0.41,6.61,6.2,0.485,6.16,7.87,0.3,7.42,4.04,1.5956,4.25
sz.002555,三七互娱,0.6,31.23,1.92,0.35,27.02,1.3,0.72,18.1,3.98,0.9,18.81,4.78,1.0,15.64,6.39,1.0,20.56,4.86,4.57,3.87
sz.002556,辉隆股份,0.1,8.01,1.25,0.3,12.87,2.33,0.2,8.75,2.29,0.3,5.88,5.1,0.2,5.57,3.59,0.2,6.0,3.33,1.3,2.98
sz.002557,洽洽食品,0.7,53.85,1.3,0.8,61.36,1.3,0.85,50.0,1.7,1.0,34.82,2.87,1.3,29.05,4.48,1.0,21.19,4.72,5.65,2.73
sz.002563,森马服饰,0.45,10.02,4.49,0.5,7.73,6.47,0.5,5.24,9.54,0.2,5.77,3.47,0.3,7.02,4.27,0.5,5.7,8.77,2.45,6.17
sz.002572,索菲亚,0.55,25.9,2.12,0.6,22.2,2.7,0.6,18.16,3.3,0.7,15.95,4.39,1.0,17.18,5.82,1.0,13.95,7.17,4.45,4.25
sz.002582,好想你,0.086,12.98,0.66,1.0,8.7,11.49,0.1,9.51,1.05,0.1,7.67,1.3,1.0,8.28,12.08,1.0,10.09,9.91,3.286,6.08
sz.002588,史丹利,0.02,5.74,0.35,0.07,5.95,1.18,0.07,6.06,1.16,0.05,6.38,0.78,0.13,7.38,1.76,0.305,9.49,3.21,0.645,1.41
sz.002594,比亚迪,0.06,194.3,0.03,0.296,268.12,0.11,0.105,256.97,0.04,1.142,198.0,0.58,3.0978,282.66,1.1,3.974,96.53,4.12,8.6748,1.0
sz.002597,金禾实业,0.54,32.43,1.67,0.45,51.35,0.88,0.65,32.5,2.0,0.8,21.91,3.65,0.2,22.83,0.88,0.83,20.03,4.14,3.47,2.2
sz.002615,哈尔斯,0.08,4.54,1.76,0.0,5.58,0.0,0.15,6.02,2.49,0.2,7.33,2.73,0.1,7.95,1.26,0.25,7.86,3.18,0.78,2.28
sz.002661,克明食品,0.25,17.8,1.4,0.3,11.84,2.53,0.2,11.78,1.7,0.2,9.53,2.1,0.2,10.06,1.99,0.3,9.55,3.14,1.45,2.14
sz.002677,浙江美大,0.542,15.93,3.4,0.6,17.35,3.46,0.66,11.08,5.96,0.62,10.11,6.13,0.75,7.34,10.22,0.3,7.83,3.83,3.472,5.5
sz.002690,美亚光电,0.8,44.28,1.81,0.8,37.46,2.14,0.8,23.9,3.35,0.7,19.64,3.56,0.7,14.82,4.72,0.7,20.65,3.39,4.5,3.16
sz.002705,新宝股份,0.4,42.25,0.95,0.6,24.7,2.43,0.2,16.65,1.2,0.4,14.57,2.75,0.4,15.0,2.67,0.6,14.72,4.08,2.6,2.35
sz.002727,一心堂,0.3,33.31,0.9,0.3,38.51,0.78,0.3,31.51,0.95,0.4,23.16,1.73,0.4,13.02,3.07,0.5,13.01,3.84,2.2,1.88
sz.002737,葵花药业,1.0,14.67,6.82,0.35,16.46,2.13,0.7,23.18,3.02,1.0,25.98,3.85,1.5,20.49,7.32,0.5,14.75,3.39,5.05,4.42
sz.002746,仙坛股份,0.4,11.56,3.46,0.3,10.49,2.86,0.1,9.16,1.09,0.1,7.04,1.42,0.25,6.34,3.94,0.25,6.07,4.12,1.4,2.81
sz.002749,国光股份,0.25,10.92,2.29,0.22,10.0,2.2,0.22,8.87,2.48,0.5,11.98,4.17,0.85,14.22,5.98,1.0,14.01,7.14,3.04,4.04
sz.002758,浙农股份,0.08,11.85,0.68,0.18,12.39,1.45,0.3,14.06,2.13,0.3,10.41,2.88,0.3,8.75,3.43,0.3,10.54,2.85,1.46,2.24
sz.002763,汇洁股份,0.4,7.35,5.44,1.0,10.13,9.87,0.0,7.64,0.0,0.5,8.41,5.95,0.4,6.64,6.02,0.45,7.46,6.03,2.75,6.66
sz.002774,快意电梯,0.045,6.27,0.72,0.05,8.4,0.6,0.7,6.4,10.94,0.25,8.3,3.01,0.4,6.93,5.77,0.36,9.26,3.89,1.805,4.16
sz.002788,鹭燕医药,0.15,7.93,1.89,0.2,7.81,2.56,0.3,8.33,3.6,0.3,8.99,3.34,0.3,8.21,3.65,0.35,11.32,3.09,1.6,3.02
sz.002807,江阴银行,0.18,4.28,4.21,0.18,3.85,4.68,0.18,3.97,4.53,0.18,3.55,5.07,0.19,4.35,4.37,0.3,4.74,6.33,1.21,4.87
sz.002818,富森美,0.15,14.13,1.06,0.6,12.51,4.8,1.2,12.19,9.84,1.08,12.46,8.67,1.08,14.94,7.23,1.04,11.01,9.45,5.15,6.84
sz.002831,裕同科技,0.28,30.62,0.91,0.28,33.69,0.83,0.2207,33.07,0.67,0.6537,27.51,2.38,0.9504,27.1,3.51,1.0341,29.01,3.56,3.4189,1.98
sz.002832,比音勒芬,0.5,16.24,3.08,0.3,25.45,1.18,0.3,25.61,1.17,0.3,31.7,0.95,1.0,21.41,4.67,0.5,15.48,3.23,2.9,2.38
sz.002833,弘亚数控,0.6,43.57,1.38,0.8,32.18,2.49,0.52,12.33,4.22,1.0,17.74,5.64,0.9,16.83,5.35,0.7,16.46,4.25,4.52,3.89
sz.002839,张家港行,0.15,6.1,2.46,0.16,5.76,2.78,0.16,4.61,3.47,0.2,3.88,5.15,0.2,4.37,4.58,0.3,4.7,6.38,1.17,4.14
sz.002867,周大生,0.45,26.65,1.69,0.9,17.78,5.06,0.5,14.03,3.56,0.9,15.18,5.93,0.95,14.53,6.54,0.9,12.2,7.38,4.6,5.03
sz.002884,凌霄泵业,1.0,23.9,4.18,1.3,27.97,4.65,1.0,16.61,6.02,1.0,17.36,5.76,1.0,18.27,5.47,1.0,17.87,5.6,6.3,5.28
sz.002895,川恒股份,0.3,11.03,2.72,0.0,24.69,0.0,0.2,26.07,0.77,0.7,19.0,3.68,1.0,24.6,4.07,1.5,36.49,4.11,3.7,3.07
sz.002932,明德生物,0.1,63.04,0.16,3.5,74.0,4.73,4.5,57.27,7.86,3.7,22.97,16.11,0.15,18.4,0.82,1.2,18.36,6.54,13.15,6.04
sz.002948,青岛银行,0.2,5.93,3.37,0.18,4.63,3.89,0.16,3.36,4.76,0.16,3.05,5.25,0.16,3.88,4.12,0.16,4.72,3.39,1.02,4.13
sz.002951,金时科技,0.25,12.86,1.94,0.15,11.74,1.28,0.05,8.95,0.56,0.0,8.41,0.0,0.5,6.68,7.49,0.5,13.33,3.75,1.45,3.0
sz.002958,青农商行,0.15,5.09,2.95,0.15,3.86,3.89,0.1,2.89,3.46,0.0,2.62,0.0,0.1,3.04,3.29,0.12,3.2,3.75,0.62,3.47
sz.002966,苏州银行,0.2,7.68,2.6,0.24,6.77,3.55,0.28,7.78,3.6,0.33,6.46,5.11,0.59,8.11,7.27,0.41,8.14,5.04,2.05,4.53
sz.002980,华盛昌,0.96,45.1,2.13,2.2,30.41,7.23,1.1,35.98,3.06,0.49,27.4,1.79,0.6,25.65,2.34,0.73,22.45,3.25,6.08,3.3
sz.002991,甘源食品,1.07,81.95,1.31,0.75,76.3,0.98,1.088,76.29,1.43,1.073,71.46,1.5,3.272,93.52,3.5,2.364,60.56,3.9,9.617,2.1
sz.002998,优彩资源,0.0,9.26,0.0,0.1,8.6,1.16,0.0,6.56,0.0,0.15,7.95,1.89,0.2,6.32,3.16,0.52,7.84,6.63,0.97,3.21
sz.003000,劲仔食品,0.1,14.69,0.68,0.2,10.81,1.85,0.15,11.79,1.27,0.22,12.22,1.8,0.4,13.7,2.92,0.4,11.56,3.46,1.47,2.0
sz.003008,开普检测,0.0,37.96,0.0,0.6,31.28,1.92,0.5,24.56,2.04,0.5,27.91,1.79,0.8,17.92,4.46,1.0,23.41,4.27,3.4,2.9
sz.003012,东鹏控股,0.0,14.4,0.0,0.3,13.72,2.19,0.2,7.86,2.54,0.1,8.25,1.21,0.3,6.61,4.54,0.25,6.84,3.65,1.15,2.83
sz.003013,地铁设计,0.0,18.56,0.0,0.66,20.08,3.29,0.4,15.45,2.59,0.45,16.39,2.75,0.49,15.12,3.24,0.48,15.0,3.2,2.48,3.01
sz.300099,尤洛卡,0.15,7.1,2.11,0.1,9.38,1.07,0.0,5.97,0.0,0.269,6.19,4.35,0.045,6.0,0.75,0.229,7.64,3.0,0.793,2.26
sz.300181,佐力药业,0.02,5.9,0.34,0.1,11.66,0.86,0.2,10.67,1.87,0.3,10.66,2.81,0.45,15.36,2.93,0.6,17.23,3.48,1.67,2.05
sz.300187,永清环保,0.218,6.78,3.22,0.0,7.57,0.0,0.08,5.71,1.4,0.0,5.38,0.0,0.06,5.05,1.19,0.167,5.4,3.09,0.525,2.23
sz.300232,洲明科技,0.015,9.41,0.16,0.02,8.94,0.22,0.025,5.49,0.46,0.015,8.8,0.17,0.0501,6.87,0.73,0.24,7.26,3.31,0.3651,0.84
sz.300306,远方信息,0.0,10.74,0.0,0.166,10.37,1.6,0.3,9.28,3.23,0.26,12.08,2.15,0.3,11.6,2.59,0.432,13.66,3.16,1.458,2.55
sz.300349,金卡智能,0.5022,12.65,3.97,0.475,12.05,3.94,0.1,9.37,1.07,0.1,12.42,0.81,0.5,13.67,3.66,0.5,13.57,3.68,2.1772,2.86
sz.300406,九强生物,0.15,25.02,0.6,0.0993,19.82,0.5,0.1,16.37,0.61,0.1,19.1,0.52,0.2,13.36,1.5,0.9,13.65,6.59,1.5493,1.72
sz.300441,鲍斯股份,0.0,9.07,0.0,0.15,11.29,1.33,0.15,5.45,2.75,0.05,6.89,0.73,0.22,8.72,2.52,0.3,7.79,3.85,0.87,2.24
sz.300453,三鑫医疗,0.1,17.58,0.57,0.4,12.63,3.17,0.15,8.62,1.74,0.15,7.63,1.97,0.25,7.46,3.35,0.3,9.21,3.26,1.35,2.34
sz.300529,健帆生物,0.9,67.82,1.33,0.66,53.3,1.24,0.9,30.97,2.91,0.67,22.23,3.01,0.4,29.34,1.36,0.8,20.12,3.98,4.33,2.31
sz.300564,筑博设计,0.35,24.5,1.43,0.5,21.95,2.28,0.6,11.61,5.17,0.625,13.46,4.64,0.5,12.36,4.05,0.5,15.8,3.16,3.075,3.46
sz.300616,尚品宅配,0.6,79.66,0.75,0.15,42.89,0.35,0.15,19.64,0.76,0.15,17.92,0.84,0.9,12.25,7.35,0.9,14.22,6.33,2.85,2.73
sz.300628,亿联网络,0.9,73.12,1.23,0.65,81.45,0.8,0.8,60.59,1.32,1.8,29.55,6.09,1.5,38.6,3.89,1.8,34.59,5.2,7.45,3.09
sz.300641,正丹股份,0.02,5.31,0.38,0.02,7.0,0.29,0.05,5.08,0.98,0.05,5.64,0.89,0.42,24.84,1.69,0.6,18.39,3.26,1.16,1.25
sz.300737,科顺股份,0.0,21.46,0.0,0.3,16.25,1.85,0.0,12.58,0.0,0.05,6.14,0.81,0.08,5.07,1.58,0.35,5.16,6.78,0.78,2.75
sz.300770,新媒股份,0.9,70.3,1.28,0.8,60.0,1.33,1.2,37.66,3.19,2.16,38.68,5.58,1.86,40.41,4.6,1.76,43.4,4.06,8.68,3.34
sz.300833,浩洋股份,0.0,45.77,0.0,0.4,81.03,0.49,0.8,83.84,0.95,2.2,90.1,2.44,2.4,44.15,5.44,1.3,42.39,3.07,7.1,2.48
sz.300861,美畅股份,0.0,53.21,0.0,0.5,77.77,0.64,1.0,49.16,2.03,0.5,33.29,1.5,0.3,19.95,1.5,0.5,15.02,3.33,2.8,1.8
sz.300864,南大环境,0.0,93.54,0.0,1.0,45.41,2.2,0.8,18.5,4.32,0.6,21.91,2.74,0.8,20.97,3.81,0.85,20.17,4.21,4.05,3.46
sz.300881,盛德鑫泰,0.0,34.61,0.0,0.13,27.77,0.47,0.105,32.09,0.33,0.36,25.58,1.41,0.5528,30.74,1.8,1.0,33.98,2.94,2.1478,1.39
sz.300896,爱美客,0.0,655.02,0.0,3.5,536.11,0.65,2.1,566.35,0.37,4.648,294.33,1.58,2.323,182.5,1.27,5.0,142.81,3.5,17.571,1.47
sz.300979,华利集团,0.0,0.0,0.0,1.0,89.05,1.12,1.1,57.11,1.93,1.2,52.64,2.28,1.2,78.65,1.53,3.3,57.8,5.71,7.8,2.51
sz.300982,苏文电能,0.0,0.0,0.0,0.5,73.59,0.68,0.6,49.3,1.22,0.35,32.84,1.07,0.35,19.11,1.83,0.6,19.32,3.11,2.4,1.58
sz.301003,江苏博云,0.0,0.0,0.0,1.0,54.78,1.83,1.3,22.6,5.75,0.3,24.96,1.2,0.9,21.83,4.12,1.8,39.34,4.58,5.3,3.5
sz.301004,嘉益股份,0.0,0.0,0.0,0.2,20.48,0.98,0.3,29.78,1.01,1.0,45.45,2.2,2.0,115.65,1.73,4.0,54.48,7.34,7.5,2.65
sz.301015,百洋医药,0.0,0.0,0.0,0.0,30.3,0.0,0.667,23.84,2.8,0.762,35.86,2.12,0.762,24.21,3.15,0.762,22.43,3.4,2.953,2.87
sz.301016,雷尔伟,0.0,0.0,0.0,0.0,25.92,0.0,0.15,19.72,0.76,0.22,22.06,1.0,0.33,20.96,1.57,0.6,18.91,3.17,1.3,1.62
sz.301023,江南奕帆,0.0,0.0,0.0,0.2,77.65,0.26,0.8,35.85,2.23,0.9418,41.5,2.27,1.6,47.2,3.39,1.3,37.39,3.48,4.8418,2.33
sz.301043,绿岛风,0.0,0.0,0.0,0.0,38.89,0.0,0.08,23.46,0.34,0.61,32.73,1.86,0.88,28.63,3.07,1.46,56.52,2.58,3.03,1.96
sz.301047,义翘神州,0.0,0.0,0.0,0.0,345.7,0.0,10.0,99.66,10.03,2.0,82.4,2.43,2.0,61.85,3.23,5.0,68.8,7.27,19.0,5.74
sz.301056,森赫股份,0.0,0.0,0.0,0.0,11.53,0.0,0.2,7.61,2.63,0.05,10.22,0.49,0.2,8.18,2.44,0.6,11.88,5.05,1.05,2.65
sz.301077,星华新材,0.0,0.0,0.0,0.0,58.55,0.0,2.0,21.56,9.28,0.7,20.33,3.44,0.867,26.73,3.24,1.1,27.37,4.02,4.667,4.99
sz.301087,可孚医疗,0.0,0.0,0.0,0.0,78.91,0.0,1.6,36.48,4.39,1.2,37.9,3.17,1.8,35.36,5.09,1.8,43.78,4.11,6.4,4.19
sz.301088,戎美股份,0.0,0.0,0.0,0.0,25.9,0.0,0.178,17.33,1.03,0.366,15.23,2.4,0.477,13.49,3.54,0.571,14.8,3.86,1.592,2.71
sz.301109,军信股份,0.0,0.0,0.0,0.0,0.0,0.0,0.38,15.82,2.4,0.9,15.8,5.7,0.9,16.68,5.4,0.9,14.46,6.22,3.08,4.93
sz.301175,中科环保,0.0,0.0,0.0,0.0,0.0,0.0,0.0,6.07,0.0,0.055,4.99,1.1,0.1,5.4,1.85,0.195,5.42,3.6,0.35,2.18
sz.301206,三元生物,0.0,0.0,0.0,0.0,0.0,0.0,1.0,39.0,2.56,0.7,28.88,2.42,0.65,26.21,2.48,1.0,27.3,3.66,3.35,2.78
sz.301207,华兰疫苗,0.0,0.0,0.0,0.0,0.0,0.0,0.2,44.58,0.45,0.3,27.8,1.08,0.6,17.51,3.43,0.8,21.7,3.69,1.9,2.16
sz.301276,嘉曼服饰,0.0,0.0,0.0,0.0,0.0,0.0,0.0,23.29,0.0,0.36,24.38,1.48,0.76,20.35,3.73,0.72,22.82,3.16,1.84,2.79
sz.301277,新天地,0.0,0.0,0.0,0.0,0.0,0.0,0.0,28.87,0.0,0.5,20.81,2.4,0.4,13.83,2.89,0.4,12.29,3.25,1.3,2.85
sz.301299,卓创资讯,0.0,0.0,0.0,0.0,0.0,0.0,0.0,49.9,0.0,1.2,59.12,2.03,2.5,58.92,4.24,1.7,56.32,3.02,5.4,3.1
sz.301339,通行宝,0.0,0.0,0.0,0.0,0.0,0.0,0.0,16.57,0.0,0.169,20.18,0.84,0.3,20.34,1.47,0.47,14.45,3.25,0.939,1.85
sz.301362,民爆光电,0.0,0.0,0.0,0.0,0.0,0.0,0.0,0.0,0.0,0.47,39.36,1.19,1.9264,39.22,4.91,1.895,41.23,4.6,4.2914,3.57
sz.301371,敷尔佳,0.0,0.0,0.0,0.0,0.0,0.0,0.0,0.0,0.0,0.0,38.21,0.0,1.5,37.79,3.97,1.0,26.23,3.81,2.5,3.89
sz.301552,科力装备,0.0,0.0,0.0,0.0,0.0,0.0,0.0,0.0,0.0,0.0,0.0,0.0,0.0,58.64,0.0,1.5,37.71,3.98,1.5,3.98
sz.301598,博科测试,0.0,0.0,0.0,0.0,0.0,0.0,0.0,0.0,0.0,0.0,0.0,0.0,0.0,67.95,0.0,2.0,61.67,3.24,2.0,3.24
